Nombre,Brand,Link,price-label,price-verde,price-gris,price-rojo,SKU,Descripcion,Img
Arroz grado 1 grano largo y ancho 1 kg,Miraflores,https://www.jumbo.cl/arroz-grado-1-miraflores-1-kg-grano-largo-y-ancho/p,(Normal),,$1.519,,Código: 264577,"Arroz Miraflores Grado 1, caracterizado por su longitud consistencia y sabor. Ideal para acompañar cualquier tipo de comida.",https://jumbo.vtexassets.com/arquivos/ids/453071-750-750?width=750&height=750&aspect=true
Arroz grado 1 Premium grano largo y ancho 1 kg,Banquete,https://www.jumbo.cl/arroz-grado-1-banquete-1-kg-premium-grano-largo-y-ancho/p,(Normal),,$1.359,,Código: 264573,"Delicioso Arroz grado 1 Premium grano largo y ancho 1 kg, perfecto para tus preparaciones favoritas. Banquete te simplifica la vida y le da sabor a tus comidas.",https://jumbo.vtexassets.com/arquivos/ids/414154-750-750?width=750&height=750&aspect=true
Arroz grado 1 gran selección grano largo y ancho 1 kg,Tucapel,https://www.jumbo.cl/arroz-grado-1-tucapel-gran-seleccion-grano-largo-y-ancho-1-kg/p,(Normal),,$1.339,,Código: 264584,"Arroz Grado 1 Tucapel con granos largos y anchos de Gran Selección. El arroz grado 1 contiene un 95% de granos enteros, ideal para tus almuerzos y comidas.",https://jumbo.vtexassets.com/arquivos/ids/459002-750-750?width=750&height=750&aspect=true
Arroz grado 1 pregraneado grano largo 1 kg,Tucapel,https://www.jumbo.cl/arroz-grado-1-tucapel-1-kg-pregraneado-grano-largo/p,(Ref.),$1.099,,,Código: 264585,"Arroz Grado 1 Tucapel con granos largos pregraneados. El arroz grado 1 contiene un 95% de granos enteros, ideal para tus almuerzos y comidas.",https://jumbo.vtexassets.com/arquivos/ids/459001-750-750?width=750&height=750&aspect=true
Arroz grado 2 gran selección grano largo y ancho 1 kg,Tucapel,https://www.jumbo.cl/arroz-grado-2-tucapel-1-kg-gran-seleccion-grano-largo-y-ancho/p,(Normal),,$1.199,,Código: 264594,"Arroz Grado 2 Tucapel con granos largos y anchos de Gran Selección. El arroz grado 2 contiene un 80% de granos enteros, ideal para tus almuerzos y comidas.",https://jumbo.vtexassets.com/arquivos/ids/459006-750-750?width=750&height=750&aspect=true
Arroz grado 2 blue grano largo y delgado 1 kg,Tucapel,https://www.jumbo.cl/arroz-grado-2-tucapel-1-kg-blue-bonnet-grano-largo-y-delgado/p,(Normal),,$950,,Código: 264603,"Arroz Grado 2 Tucapel con granos largos y delgados. El arroz grado 2 contiene un 80% de granos enteros, ideal para tus almuerzos y comidas.",https://jumbo.vtexassets.com/arquivos/ids/459078-750-750?width=750&height=750&aspect=true
Arroz grado 1 largo delgado 1 kg,Cuisine & Co,https://www.jumbo.cl/arroz-largo-fino-1-kg-cuisine-and-co-1845786/p,(Ref.),$899,,,Código: 1845786,"Sabemos que un buen producto también puede tener un mejor precio, es por esto que te invitamos a descubrir nuestra nueva marca, creada especialmente para esos incansables buscadores del sabor y que valoran la calidad y la innovación, sin tener que pagar de más. Navega en nuestro sitio web y sorpréndete con la fantástica y extensa variedad de productos Cuisine & Co.",https://jumbo.vtexassets.com/arquivos/ids/410870-750-750?width=750&height=750&aspect=true
Cuscús doypack 250 g,Carozzi,https://www.jumbo.cl/cous-cous-carozzi-250-g-comida-arabe-envase-doypack/p,(Normal),,$1.219,,Código: 1568725,"Exquisito Cuscús 250 g, perfecto para compartir y disfrutar su delicioso sabor en un genial almuerzo familiar. Navega y conoce la gran variedad de pastas que Carozzi tiene para ti.",https://jumbo.vtexassets.com/arquivos/ids/452848-750-750?width=750&height=750&aspect=true
Arroz grado 2 largo delgado 1 kg,Cuisine & Co,https://www.jumbo.cl/arroz-largo-fino-1-kg-cuisine-and-co-1845787/p,(Normal),,$899,,Código: 1845787,"Arroz Largo y fino es el alimento básico en muchas culturas culinarias, así como en algunas partes de América Latina. Producto libre de gluten.",https://jumbo.vtexassets.com/arquivos/ids/410745-750-750?width=750&height=750&aspect=true
Arroz grado 1 integral 1 kg,Tucapel,https://www.jumbo.cl/arroz-integral-tucapel-1-kg-grado-1/p,(Normal),,$1.449,,Código: 270343,"Arroz Integral Tucapel de grano  largo y ancho grado 1. Fortificado con Vitaminas y Minerales, que proporcionan un buena fuente de fibra.",https://jumbo.vtexassets.com/arquivos/ids/459005-750-750?width=750&height=750&aspect=true
Lentejas bolsa 4 mm 1 kg,Banquete,https://www.jumbo.cl/lentejas-banquete-bolsa-1-kg-4mm/p,(Normal),,$2.459,,Código: 751897,"Deliciosas Lentejas bolsa 4 mm 1 kg, perfectas para tus preparaciones favoritas. Banquete te simplifica la vida y le da sabor a tus comidas.",https://jumbo.vtexassets.com/arquivos/ids/459015-750-750?width=750&height=750&aspect=true
Quinoa 400 g,Banquete,https://www.jumbo.cl/quinoa-banquete-natura-no-requiere-lavado-cierra-facil-400g/p,(Normal),,$3.190,,Código: 1597043,"Deliciosa Quinoa 400 g, perfecta para tus preparaciones favoritas. Banquete te simplifica la vida y le da sabor a tus comidas.",https://jumbo.vtexassets.com/arquivos/ids/458995-750-750?width=750&height=750&aspect=true
Arroz grado 1 grano largo ancho 2 kg,Banquete,https://www.jumbo.cl/arroz-grado-1-banquete-2-kg-envase-degradable/p,(Normal),,$2.529,,Código: 1219645,"Delicioso Arroz grado 1 envase degradable 2 kg, perfecto para tus preparaciones favoritas. Badia te simplifica la vida y le da sabor a tus comidas.",https://jumbo.vtexassets.com/arquivos/ids/395818-750-750?width=750&height=750&aspect=true
Quinoa tricolor 250 g,Vivo,https://www.jumbo.cl/quinoa-vivo-tricolor-250-g/p,(Normal),,$1.990,,Código: 1761138,"Quinoa Tricolor Blanca, Negra y Roja. 100% Natural, Lavada y lista para preparar en 20 minutos. La Quinoa es una buena fuente de proteínas y alta en fibra dietética.",https://jumbo.vtexassets.com/arquivos/ids/452981-750-750?width=750&height=750&aspect=true
Proteína de soya bolsa 300 g,Mi Tierra,https://www.jumbo.cl/carne-de-soya-mi-tierra-bolsa-300-g/p,(Normal),,$1.799,,Código: 270478,Proteína vegetal libre de grasas y colesterol que aporta fibra y minerales. Tiene un sabor suave y un color muy similar a  la carne de vacuno convirtiéndola  en un excelente reemplazo de la carne.,https://jumbo.vtexassets.com/arquivos/ids/395993-750-750?width=750&height=750&aspect=true
Cous Cous 250 g,Talliani,https://www.jumbo.cl/cous-cous-talliani-250-g/p,(Normal),,$1.569,,Código: 1652525,"Acompaña todas tus comidas con Cous Cous Talliani. Una propuesta sana, que destaca por su buen sabor y que solo requiere de 5 minutos para estar listo.",https://jumbo.vtexassets.com/arquivos/ids/417525-750-750?width=750&height=750&aspect=true
Arroz grado 1 grano largo delgado 1 kg,Tucapel,https://www.jumbo.cl/arroz-tucapel-grado-1-blue-bonnet-1-kg/p,(Normal),,$1.090,,Código: 1716104,"Arroz Grado 1 Tucapel con granos largos, delgados y graneados en su punto. El arroz grado 1 contiene un 95% de granos enteros, ideal para tus almuerzos y comidas.",https://jumbo.vtexassets.com/arquivos/ids/458997-750-750?width=750&height=750&aspect=true
Lentejas 6 mm 500 g,Campo Lindo,https://www.jumbo.cl/lentejas-campo-lindo-500-g-6-mm-2/p,(Normal),,$939,,Código: 1408733,"Las lentejas son una saludable fuente de proteínas y energía para el organismo. También aportan abundantes minerales y proteínas. Prueba el sabor natural de Campo Lindo, por una dieta basada en legumbres.",https://jumbo.vtexassets.com/arquivos/ids/161585-750-750?width=750&height=750&aspect=true
Quínoa 250 g,Carozzi,https://www.jumbo.cl/quinoa-carozzi-250-g/p,(Normal),,$2.099,,Código: 1675866,"Un versátil y nutritivo ?súper alimento?, ideal para consumirlo en familia y en una gran variedad de preparaciones. Preparación Básica: Este producto no necesita lavado previo. En una olla sofríe 1 taza de Quinoa Carozzi durante 2 minutos. Agrega sal y aliños a gusto. Vierta 2 tazas de agua recién hervida. Cocina a fuego lento en olla tapada durante 20 minutos o hasta la evaporación total del agua.",https://jumbo.vtexassets.com/arquivos/ids/452936-750-750?width=750&height=750&aspect=true
Lentejas 6 mm bolsa 1 kg,Campo Lindo,https://www.jumbo.cl/lentejas-campo-lindo-bolsa-1-kg-6mm-2/p,(Normal),,$2.149,,Código: 266316,Lentejas 6 mm bolsa 1 kg. Es idónea y apta para cualquier preparación que tengas en mente. Se caracteriza por su excelente sabor.,https://jumbo.vtexassets.com/arquivos/ids/161588-750-750?width=750&height=750&aspect=true
Arroz grado 1 grano largo pregraneado 1 kg,Banquete,https://www.jumbo.cl/arroz-grado-1-banquete-1-kg-pregraneado-grano-largo/p,(Normal),,$1.399,,Código: 264540,"Delicioso Arroz grado 1 grano largo pregraneado 1 kg, perfecto para tus preparaciones favoritas. Badia te simplifica la vida y le da sabor a tus comidas.",https://jumbo.vtexassets.com/arquivos/ids/414148-750-750?width=750&height=750&aspect=true
Arroz grado 1 grano largo y ancho 1 kg,Cuisine & Co,https://www.jumbo.cl/arroz-cuisine-and-co-g1-grano-largo-ancho1kg-1888808/p,(Normal),,$1.299,,Código: 1888808,"Sabemos que un buen producto también puede tener un mejor precio, es por esto que te invitamos a descubrir nuestra nueva marca, creada especialmente para esos incansables buscadores del sabor y que valoran la calidad y la innovación, sin tener que pagar de más. Navega en nuestro sitio web y sorpréndete con la fantástica y extensa variedad de productos Cuisine & Co.",https://jumbo.vtexassets.com/arquivos/ids/453426-750-750?width=750&height=750&aspect=true
"Arroz Taj Mahal Basmati 1 kg, grado 1, grano largo",Taj Mahal,https://www.jumbo.cl/arroz-taj-mahal-basmati-1-kg-grado-1-grano-largo/p,(Normal),,$4.889,,Código: 264648,"El basmati es una variedad de arroz caracterizada por tener un grano largo, y es famoso por sus delicadas fragancias y su exquisito sabor. Su nombre en hindi significa ""reina de las fragancias"".",https://jumbo.vtexassets.com/arquivos/ids/180131-750-750?width=750&height=750&aspect=true
"Arroz especial Tucapel 1 kg, basmati, pregraneado",Tucapel,https://www.jumbo.cl/arroz-especial-tucapel-1-kg-basmati-pregraneado/p,(Normal),,$3.599,,Código: 1538709,Arroz Pregraneado Tucapel Basmati especial para preparar comida India. Un arroz aromático de grano largo que te llevara a explorar los ricos sabores de la comida india.,https://jumbo.vtexassets.com/arquivos/ids/458983-750-750?width=750&height=750&aspect=true
Porotos tórtola 1 kg,Banquete,https://www.jumbo.cl/porotos-tortola-banquete-bolsa-1-kg-2/p,(Ref.),$2.799,,,Código: 354889,"Deliciosos Porotos tórtola 1 kg, especiales para tus preparaciones favoritas. De increíble sabor, ideal para compartir una rica comida.",https://jumbo.vtexassets.com/arquivos/ids/459010-750-750?width=750&height=750&aspect=true
Proteína de soya Gourmet bolsa 300 g,Gourmet,https://www.jumbo.cl/carne-de-soya-gourmet-bolsa-300-g-vegetal/p,(Normal),,$1.579,,Código: 270480,"La Carne de Soya es ideal como alternativa a la carne de vacuno, en preparaciones como empanadas, hamburguesas, papas rellenas, etc. También se puede mezclar con carne de vacuno. Producto vegano y vegetariano.",https://jumbo.vtexassets.com/arquivos/ids/442123-750-750?width=750&height=750&aspect=true
Porotos blancos 1 kg,Banquete,https://www.jumbo.cl/poroto-espanol-banquete-bolsa-1-kg/p,(Normal),,$2.849,,Código: 954057,"Deliciosos Porotos blancos 1 kg, perfectos para tus preparaciones favoritas. Banquete te simplifica la vida y le da sabor a tus comidas.",https://jumbo.vtexassets.com/arquivos/ids/459017-750-750?width=750&height=750&aspect=true
Arroz grado 1 de 1 kg,Iansa Agro,https://www.jumbo.cl/arroz-iansa-agro-g1-largo-ancho-1kg-1895403/p,(Ref.),$1.249,,,Código: 1895403,"Arroz Grado 1 de grano largo ancho, es el complemento perfecto para disfrutar tus mejores comidas con tus seres queridos. Es un producto nacional y de calidad, que viene en su amigable envase 100% reciclable. Formato 1 kg.",https://jumbo.vtexassets.com/arquivos/ids/470692-750-750?width=750&height=750&aspect=true
Quinoa tricolor 400 g,Banquete,https://www.jumbo.cl/quinoa-banquete-tricolor-400-g/p,(Normal),,$3.449,,Código: 1686060,"Deliciosa Quinoa tricolor 400 g, perfecta para tus preparaciones favoritas. Banquete te simplifica la vida y le da sabor a tus comidas.",https://jumbo.vtexassets.com/arquivos/ids/458996-750-750?width=750&height=750&aspect=true
Arroz grado 2 Premium grano largo y ancho 1 kg,Banquete,https://www.jumbo.cl/arroz-grado-2-banquete-1-kg-premium-grano-largo-y-ancho/p,(Normal),,$1.210,,Código: 264587,"Delicioso Arroz grado 2 Premium grano largo y ancho 1 kg, perfecto para tus preparaciones favoritas. Badia te simplifica la vida y le da sabor a tus comidas.",https://jumbo.vtexassets.com/arquivos/ids/414147-750-750?width=750&height=750&aspect=true
Garbanzos sin piel bolsa 1 kg,Campo Lindo,https://www.jumbo.cl/garbanzos-campo-lindo-bolsa-1-kg-sin-piel-2/p,(Normal),,$2.590,,Código: 265939,"El garbanzo es una excelente fuente de proteínas, minerales y vitaminas que ayudan a mantener las defensas de tu organismo. Prueba el sabor natural de Campo Lindo, por una dieta basada en legumbres.",https://jumbo.vtexassets.com/arquivos/ids/161584-750-750?width=750&height=750&aspect=true
Arroz risotto italiano Tucapel 1 kg,Tucapel,https://www.jumbo.cl/arroz-especial-tucapel-1-kg-risotto-italiano-pregraneado/p,(Normal),,$3.299,,Código: 1538710,"Arroz Carnaroli Tucapel especial para Risottos, con granos cortos, redondos y cremosos ideal para preparar y disfrutar de un fino risotto.",https://jumbo.vtexassets.com/arquivos/ids/458984-750-750?width=750&height=750&aspect=true
"Arroz Miraflores 1 kg, pregraneado, grado 1, grano largo",Miraflores,https://www.jumbo.cl/arroz-miraflores-1-kg-pregraneado-grado-1-grano-largo/p,(Normal),,$1.449,,Código: 264578,"Arroz Miraflores 1 kg, pregraneado, grado 1, grano largo
En Miraflores tenemos variadas opciones de arroz para que puedas preparar lo que quieras cuando quieras, conoce toda la variedad disponible para disfrutar del mejor arroz.
Arroz de grano largo y ancho
Disfruta del arroz más rico y consumido en Chile. Se caracteriza por su longitud, consistencia y sabor, siendo un acompañamiento ideal para todo tipo de preparaciones.
Arroz integral
Miraflores tiene para ti una nutritiva línea de arroz. Se trata del arroz Integral Miraflores, una rica manera de alimentarse saludablemente. Este arroz tiene un exquisito sabor y requiere menos tiempos de preparación, perfecto para aquellos que buscan una alimentación sana.
Arroz pregraneados
Miraflores pregraneado es de granos firmes, lo cual lo hace perfecto para cocinar de forma simple y fácil. No requiere sofreír, por lo que es de rápida cocción, pero su principal ventaja es que queda siempre graneado y exquisito
Arroz preparados
Disfruta de todo el sabor de nuestros productos preparados y experimenta la versatilidad que puedes aportar a tus preparaciones con las diferentes variedades disponibles.",https://jumbo.vtexassets.com/arquivos/ids/453072-750-750?width=750&height=750&aspect=true
"Lentejas Martini Bolsa 500 g, 5 mm",Martini,https://www.jumbo.cl/lentejas-martini-bolsa-500-g-5-mm-2/p,(Ref.),$1.249,,,Código: 482500,Producto: LentejasContenido: 500 grLargo 5mmGrado 1 - Cosecha sin remojo,https://jumbo.vtexassets.com/arquivos/ids/291769-750-750?width=750&height=750&aspect=true
Garbanzos pelados 1 kg,Cuisine & Co,https://www.jumbo.cl/garbanzos-pelados-1-kg-cuisine-and-co-1840322/p,(Normal),,$2.749,,Código: 1840322,"Sabemos que un buen producto también puede tener un mejor precio, es por esto que te invitamos a descubrir nuestra nueva marca, creada especialmente para esos incansables buscadores del sabor y que valoran la calidad y la innovación, sin tener que pagar de más. Navega en nuestro sitio web y sorpréndete con la fantástica y extensa variedad de productos Cuisine & Co.",https://jumbo.vtexassets.com/arquivos/ids/442255-750-750?width=750&height=750&aspect=true
Semillas de Chia Mi Tierra Bolsa 175 g,Mi Tierra,https://www.jumbo.cl/semillas-de-chia-mi-tierra-bolsa-175-g/p,(Normal),,$2.990,,Código: 1217016,"La Chía es una de las semillas más nutritivas existentes, destaca por su elevado contenido de ácido alfa-linolénico (ALA), fibra dietética, proteínas, antioxidantes y minerales.",https://jumbo.vtexassets.com/arquivos/ids/251317-750-750?width=750&height=750&aspect=true
Lentejas bolsa 5 mm 1 kg,Banquete,https://www.jumbo.cl/lentejas-banquete-bolsa-1-kg-5mm/p,(Normal),,$2.519,,Código: 354739,"Deliciosas Lentejas bolsa 5 mm 1 kg, perfectas para tus preparaciones favoritas. Banquete te simplifica la vida y le da sabor a tus comidas.",https://jumbo.vtexassets.com/arquivos/ids/459008-750-750?width=750&height=750&aspect=true
Arroz integral multigrano 400 g,Banquete,https://www.jumbo.cl/arroz-integral-banquete-400-g-multigrano/p,(Normal),,$990,,Código: 1591441,"Delicioso Arroz integral multigrano 400 g, perfecto para tus preparaciones favoritas. Badia te simplifica la vida y le da sabor a tus comidas.",https://jumbo.vtexassets.com/arquivos/ids/458989-750-750?width=750&height=750&aspect=true
Lentejas 6 mm 1 kg,Cuisine & Co,https://www.jumbo.cl/lentejas-6-mm-1-kg-cuisine-and-co-1840316/p,(Normal),,$2.299,,Código: 1840316,"Las legumbres son uno de los platos más saludables en la alimentación actual. El poder de las lentejas te ayudará en la etapa de embarazo y también en la prevensión de la anemia, gracias a su alto contenido en hierro y ácido fólico.",https://jumbo.vtexassets.com/arquivos/ids/444467-750-750?width=750&height=750&aspect=true
Cous cous 250 g,Lucchetti,https://www.jumbo.cl/cous-cous-lucchetti-250-g/p,(Normal),,$1.039,,Código: 1652526,"Acompaña todas tus comidas con Cous Cous Lucchetti. Una propuesta sana, que destaca por su buen sabor y que solo requiere de 5 minutos para estar listo.",https://jumbo.vtexassets.com/arquivos/ids/417526-750-750?width=750&height=750&aspect=true
Lentejas bolsa 6 mm 1 kg,Banquete,https://www.jumbo.cl/lentejas-banquete-bolsa-1-kg-6mm/p,(Normal),,$2.609,,Código: 354740,"Deliciosas Lentejas bolsa 6 mm 1 kg, perfectas para tus preparaciones favoritas. Banquete te simplifica la vida y le da sabor a tus comidas.",https://jumbo.vtexassets.com/arquivos/ids/459009-750-750?width=750&height=750&aspect=true
Sésamo Tostado Mi Tierra Bolsa 100 g,Mi Tierra,https://www.jumbo.cl/sesamo-tostado-mi-tierra-bolsa-100-g/p,(Normal),,$1.590,,Código: 272601,"Sésamo natural suavemente tostado  para intensificar su aroma y sabor, conservando todas sus propiedades. Se recomienda para acompañar ensaladas o para preparar carnes y verduras salteadas.",https://jumbo.vtexassets.com/arquivos/ids/251469-750-750?width=750&height=750&aspect=true
Lentejas 4 mm 1 kg,Cuisine & Co,https://www.jumbo.cl/lentejas-4-mm-1-kg-cuisine-and-co-1840314/p,(Normal),,$2.199,,Código: 1840314,"Las legumbres son uno de los platos más saludables en la alimentación actual. El poder de las lentejas te ayudará en la etapa de embarazo y también en la prevensión de la anemia, gracias a su alto contenido en hierro y ácido fólico.",https://jumbo.vtexassets.com/arquivos/ids/444463-750-750?width=750&height=750&aspect=true
"Arroz Grado 2 Tucapel 1 kg, Clásico Escogido, Grano Corto",Tucapel,https://www.jumbo.cl/arroz-grado-2-tucapel-1-kg-clasico-escogido-grano-corto/p,(Normal),,$1.549,,Código: 264593,"Arroz Grado 2 Tucapel de granos cortos y de un clásico escogido. El arroz grado 2 contiene un 80% de granos enteros, ideal para tus almuerzos y comidas.",https://jumbo.vtexassets.com/arquivos/ids/414161-750-750?width=750&height=750&aspect=true
Lentejas 4 mm 1 kg,Iansa Agro,https://www.jumbo.cl/lenteja-4mm-iansagro-1kg/p,(Ref.),$1.912,,,Código: 1883620,"Lentejas 4 mm son seleccionadas manualmente para darte la mejor calidad y en su amigable envase 100% reciclable. Te las recomendamos para preparar un quiche vegetariano relleno de lentejas con curry, leche de coco y puerros. Formato 1 kg.",https://jumbo.vtexassets.com/arquivos/ids/470678-750-750?width=750&height=750&aspect=true
"Arroz Especial Miraflores Sobre 210 g, Preparado, Champiñones",Miraflores,https://www.jumbo.cl/arroz-especial-miraflores-sobre-210-g-preparado-champinones/p,(Normal),,$759,,Código: 498262003,"Arroz Especial Miraflores Sobre 210 g, Preparado, Champiñones
En Miraflores tenemos variadas opciones de arroz para que puedas preparar lo que quieras cuando quieras, conoce toda la variedad disponible para disfrutar del mejor arroz.
Arroz de grano largo y ancho
Disfruta del arroz más rico y consumido en Chile. Se caracteriza por su longitud, consistencia y sabor, siendo un acompañamiento ideal para todo tipo de preparaciones.
Arroz integral
Miraflores tiene para ti una nutritiva línea de arroz. Se trata del arroz Integral Miraflores, una rica manera de alimentarse saludablemente. Este arroz tiene un exquisito sabor y requiere menos tiempos de preparación, perfecto para aquellos que buscan una alimentación sana.
Arroz pregraneados
Miraflores pregraneado es de granos firmes, lo cual lo hace perfecto para cocinar de forma simple y fácil. No requiere sofreír, por lo que es de rápida cocción, pero su principal ventaja es que queda siempre graneado y exquisito
Arroz preparados
Disfruta de todo el sabor de nuestros productos preparados y experimenta la versatilidad que puedes aportar a tus preparaciones con las diferentes variedades disponibles.",https://jumbo.vtexassets.com/arquivos/ids/453188-750-750?width=750&height=750&aspect=true
"Arroz Especial Miraflores Sobre 210 g, Preparado, Chaufán",Miraflores,https://www.jumbo.cl/arroz-especial-miraflores-sobre-210-g-preparado-chaufan/p,(Normal),,$749,,Código: 940735,"Arroz Especial Miraflores Sobre 210 g, Preparado, Chaufán
En Miraflores tenemos variadas opciones de arroz para que puedas preparar lo que quieras cuando quieras, conoce toda la variedad disponible para disfrutar del mejor arroz.
Arroz de grano largo y ancho
Disfruta del arroz más rico y consumido en Chile. Se caracteriza por su longitud, consistencia y sabor, siendo un acompañamiento ideal para todo tipo de preparaciones.
Arroz integral
Miraflores tiene para ti una nutritiva línea de arroz. Se trata del arroz Integral Miraflores, una rica manera de alimentarse saludablemente. Este arroz tiene un exquisito sabor y requiere menos tiempos de preparación, perfecto para aquellos que buscan una alimentación sana.
Arroz pregraneados
Miraflores pregraneado es de granos firmes, lo cual lo hace perfecto para cocinar de forma simple y fácil. No requiere sofreír, por lo que es de rápida cocción, pero su principal ventaja es que queda siempre graneado y exquisito
Arroz preparados
Disfruta de todo el sabor de nuestros productos preparados y experimenta la versatilidad que puedes aportar a tus preparaciones con las diferentes variedades disponibles.",https://jumbo.vtexassets.com/arquivos/ids/453241-750-750?width=750&height=750&aspect=true
Porotos negros bolsa 1 kg,Campo Lindo,https://www.jumbo.cl/porotos-negros-campo-lindo-bolsa-1-kg-2/p,(Normal),,$1.499,,Código: 267014,"Por una alimentación saludable y basada en legumbres, prefiere los porotos negros Campo Lindo. Una excelente fuente de proteínas, minerales y vitaminas.",https://jumbo.vtexassets.com/arquivos/ids/175861-750-750?width=750&height=750&aspect=true
Arroz grado 2 grano largo y ancho 1 kg,Tucapel,https://www.jumbo.cl/arroz-grado-2-tucapel-1-kg-seleccion-escogido-grano-largo-y-ancho/p,(Normal),,$1.449,,Código: 264590,Arroz Tucapel caracterizado por su longitud consistencia y sabor. Ideal para acompañar cualquier tipo de comida. 1kg,https://jumbo.vtexassets.com/arquivos/ids/459003-750-750?width=750&height=750&aspect=true
Quinoa mediterránea 400 g,Banquete,https://www.jumbo.cl/quinoa-banquete-400-g-mediterranea/p,(Normal),,$3.259,,Código: 1597042,"Deliciosa Quinoa mediterránea 400 g, perfecta para tus preparaciones favoritas. Banquete te simplifica la vida y le da sabor a tus comidas.",https://jumbo.vtexassets.com/arquivos/ids/458986-750-750?width=750&height=750&aspect=true
Garbanzos medianos sin piel 1 kg,Banquete,https://www.jumbo.cl/garbanzos-banquete-1-kg-sin-piel-medianos/p,(Normal),,$3.019,,Código: 635486,"Deliciosos Garbanzos medianos sin piel 1 kg, perfectos para tus preparaciones favoritas. Badia te simplifica la vida y le da sabor a tus comidas.",https://jumbo.vtexassets.com/arquivos/ids/459014-750-750?width=750&height=750&aspect=true
Garbanzos pelados 1 kg,Iansa Agro,https://www.jumbo.cl/garbanzo-sin-piel-iansagro-1kg-1883625/p,(Ref.),$2.252,,,Código: 1883625,Garbanzos Pelados son seleccionados manualmente para darte la mejor calidad y viene en su amigable envase 100% reciclable. Te los recomendamos para un exquisito Curry. Formato 1 kg.,https://jumbo.vtexassets.com/arquivos/ids/470688-750-750?width=750&height=750&aspect=true
Linaza Mi Tierra Bolsa 200 grs.,Mi Tierra,https://www.jumbo.cl/linaza-mi-tierra-bolsa-200-grs/p,(Normal),,$1.129,,Código: 271205,"Semilla de gran valor nutricional con elevado contenido de fibra y de ácidos grasos esenciales, su textura crujiente la hacen excelente para agregar a ensaladas, postres o masas horneadas.",https://jumbo.vtexassets.com/arquivos/ids/251464-750-750?width=750&height=750&aspect=true
Quinoa Lavada Mi Tierra Envase 600grs.,Mi Tierra,https://www.jumbo.cl/quinoa-lavada-mi-tierra-envase-600grs/p,(Normal),,$5.199,,Código: 1523075,"Grano ancestral de gran valor nutricional que contiene proteínas de excelente calidad; ácidos grasos, vitaminas y minerales. Se recomienda consumir como acompañamiento de carnes o verduras, en ensaladas frías, guisos y sopas.",https://jumbo.vtexassets.com/arquivos/ids/251320-750-750?width=750&height=750&aspect=true
"Arroz Especial Miraflores Sobre 210 g, Preparado, Primavera",Miraflores,https://www.jumbo.cl/arroz-especial-miraflores-sobre-210-g-preparado-primavera/p,(Normal),,$759,,Código: 498262001,"Arroz Especial Miraflores Sobre 210 g, Preparado, Primavera
En Miraflores tenemos variadas opciones de arroz para que puedas preparar lo que quieras cuando quieras, conoce toda la variedad disponible para disfrutar del mejor arroz.
Arroz de grano largo y ancho
Disfruta del arroz más rico y consumido en Chile. Se caracteriza por su longitud, consistencia y sabor, siendo un acompañamiento ideal para todo tipo de preparaciones.
Arroz integral
Miraflores tiene para ti una nutritiva línea de arroz. Se trata del arroz Integral Miraflores, una rica manera de alimentarse saludablemente. Este arroz tiene un exquisito sabor y requiere menos tiempos de preparación, perfecto para aquellos que buscan una alimentación sana.
Arroz pregraneados
Miraflores pregraneado es de granos firmes, lo cual lo hace perfecto para cocinar de forma simple y fácil. No requiere sofreír, por lo que es de rápida cocción, pero su principal ventaja es que queda siempre graneado y exquisito
Arroz preparados
Disfruta de todo el sabor de nuestros productos preparados y experimenta la versatilidad que puedes aportar a tus preparaciones con las diferentes variedades disponibles.",https://jumbo.vtexassets.com/arquivos/ids/453187-750-750?width=750&height=750&aspect=true
"Arroz especial Miraflores 210 g, campesino, listo para preparar",Miraflores,https://www.jumbo.cl/arroz-especial-miraflores-210-g-campesino-listo-para-preparar/p,(Normal),,$749,,Código: 1552900,"Arroz especial Miraflores 210 g, campesino, listo para preparar
En Miraflores tenemos variadas opciones de arroz para que puedas preparar lo que quieras cuando quieras, conoce toda la variedad disponible para disfrutar del mejor arroz.
Arroz de grano largo y ancho
Disfruta del arroz más rico y consumido en Chile. Se caracteriza por su longitud, consistencia y sabor, siendo un acompañamiento ideal para todo tipo de preparaciones.
Arroz integral
Miraflores tiene para ti una nutritiva línea de arroz. Se trata del arroz Integral Miraflores, una rica manera de alimentarse saludablemente. Este arroz tiene un exquisito sabor y requiere menos tiempos de preparación, perfecto para aquellos que buscan una alimentación sana.
Arroz pregraneados
Miraflores pregraneado es de granos firmes, lo cual lo hace perfecto para cocinar de forma simple y fácil. No requiere sofreír, por lo que es de rápida cocción, pero su principal ventaja es que queda siempre graneado y exquisito
Arroz preparados
Disfruta de todo el sabor de nuestros productos preparados y experimenta la versatilidad que puedes aportar a tus preparaciones con las diferentes variedades disponibles.",https://jumbo.vtexassets.com/arquivos/ids/452835-750-750?width=750&height=750&aspect=true
Trigo mote 1 kg,Oso,https://www.jumbo.cl/trigo-mote-oso-1-kg/p,(Normal),,$2.199,,Código: 267899,"Trigo mote, ideal para un rico mote con huesillo. Oso es naturaleza para tu familia. Prueba sus productos en nuestra tienda.",https://jumbo.vtexassets.com/arquivos/ids/274539-750-750?width=750&height=750&aspect=true
Lentejas 6 mm 1 kg,Iansa Agro,https://www.jumbo.cl/lenteja-6mm-iansagro-1kg-1883618/p,(Ref.),$1.954,,,Código: 1883618,"Lentejas 6 mm son seleccionadas manualmente para darte la mejor calidad y en su amigable envase 100% reciclable. Te las recomendamos para preparar unas deliciosas empanaditas vegetarianas de masa philo rellenas de lentejas, zapallo y curry. Formato 1 kg.",https://jumbo.vtexassets.com/arquivos/ids/470675-750-750?width=750&height=750&aspect=true
"Lentejas rojas Suk, 500 g",Suk,https://www.jumbo.cl/lentejas-suk-rojas-500-g/p,(Normal),,$2.189,,Código: 1758657,"Lentejas rojas Suk, 500 g
Lentejas que no necesitan remojo y de alto valor nutricional, teniendo el mayor ratio de proteína por caloría entre todas las legumbres. Ideal para guisos, ensaladas o para hamburguesas vegetarianas.
En 1968 Emily y Sucre, viajeros trotamundos nacidos en Palestina, llegan a Chile y abren un pequeño y auténtico local en la calle Punta Arenas del barrio Bellavista. Lo llamaron “Oriental Productos”.
Fue allí que con sus tradicionales recetas del mediterráneo e increíble pasión fueron conquistando paladar tras paladar con la preparación de dulces árabes, platos salados y la venta de ingredientes auténticos para cocinar en casa.
Esta pasión por la comida los llevó a ser pioneros en la elaboración de masa filo, dulces árabes e importaciones de granos y especias como el couscous, burgol, lentejas rojas y cúrcuma, provenientes de una cultura milenaria ¡donde lo bueno nunca pasa de moda!
Desde entonces, nos hemos dedicado a seguir trayendo lo mejor del mediterráneo a tu mesa para que vueles con tu imaginación en la cocina. Y si se te olvida el postre, ¡recuerda que lo tenemos nosotros!",https://jumbo.vtexassets.com/arquivos/ids/305458-750-750?width=750&height=750&aspect=true
Proteína de soya La Fuente Natural bolsa 300 g,La Fuente Natural,https://www.jumbo.cl/carne-de-soya-la-fuente-natural-bolsa-300-g/p,(Normal),,$2.419,,Código: 270479,"La proteína vegetal de soya es una alternativa saludable a la proteína animal con grasas saturadas y colesterol, como son las carnes rojas, embutidos, entre otros. Se obtiene mediante el proceso de extrusión de la harina desgrasada de soja obtenida principalmente como subproducto de la extracción de aceite de soja. Se utiliza en las dietas vegetarianas como aporte proteínico, y es consumida también por personas veganas.",https://jumbo.vtexassets.com/arquivos/ids/456173-750-750?width=750&height=750&aspect=true
Garbanzo sin piel bolsa 1 kg,Alto Campo,https://www.jumbo.cl/garbanzo-sin-piel-bolsa-1-kg/p,(Normal),,$2.099,,Código: 1842775,"Garbanzo libre de organismos genéticamente modificados. Su alto contenido en fibra ayuda a combatir el estreñimiento, disminuir enfermedades intestinales y saciar el apetito. Ayuda a disminuir el colesterol malo y te protege contra enfermedades cardiovasculares.",https://jumbo.vtexassets.com/arquivos/ids/356782-750-750?width=750&height=750&aspect=true
Quinoa 250 g,Banquete,https://www.jumbo.cl/quinoa-250-g/p,(Normal),,$1.989,,Código: 1808294,"Deliciosa Quinoa 250 g, perfecta para tus preparaciones favoritas. Banquete te simplifica la vida y le da sabor a tus comidas.",https://jumbo.vtexassets.com/arquivos/ids/458999-750-750?width=750&height=750&aspect=true
Maíz de curagua La Fuente Natural 500 g,La Fuente Natural,https://www.jumbo.cl/maiz-curagua-la-fuente-natural-bolsa-500-g-sin-gluten/p,(Normal),,$2.129,,Código: 271210,"El Maíz Curagua es una variedad de maíz seco que revienta con el calor, lo que hace que aumente varias veces su tamaño. Esta variedad de maíz que es consumido como Palomitas de Maíz.",https://jumbo.vtexassets.com/arquivos/ids/456174-750-750?width=750&height=750&aspect=true
Poroto español 1 kg,Cuisine & Co,https://www.jumbo.cl/poroto-espanol-1-kg-cuisine-and-co-1840319/p,(Ref.),$1.999,,,Código: 1840319,"Sabemos que un buen producto también puede tener un mejor precio, es por esto que te invitamos a descubrir nuestra nueva marca, creada especialmente para esos incansables buscadores del sabor y que valoran la calidad y la innovación, sin tener que pagar de más. Navega en nuestro sitio web y sorpréndete con la fantástica y extensa variedad de productos Cuisine & Co.",https://jumbo.vtexassets.com/arquivos/ids/448535-750-750?width=750&height=750&aspect=true
"Arroz Especial Miraflores Sobre 210 g, Preparado, Curry",Miraflores,https://www.jumbo.cl/arroz-especial-miraflores-sobre-210-g-preparado-curry/p,(Normal),,$749,,Código: 999954,"Arroz Especial Miraflores Sobre 210 g, Preparado, Curry
En Miraflores tenemos variadas opciones de arroz para que puedas preparar lo que quieras cuando quieras, conoce toda la variedad disponible para disfrutar del mejor arroz.
Arroz de grano largo y ancho
Disfruta del arroz más rico y consumido en Chile. Se caracteriza por su longitud, consistencia y sabor, siendo un acompañamiento ideal para todo tipo de preparaciones.
Arroz integral
Miraflores tiene para ti una nutritiva línea de arroz. Se trata del arroz Integral Miraflores, una rica manera de alimentarse saludablemente. Este arroz tiene un exquisito sabor y requiere menos tiempos de preparación, perfecto para aquellos que buscan una alimentación sana.
Arroz pregraneados
Miraflores pregraneado es de granos firmes, lo cual lo hace perfecto para cocinar de forma simple y fácil. No requiere sofreír, por lo que es de rápida cocción, pero su principal ventaja es que queda siempre graneado y exquisito
Arroz preparados
Disfruta de todo el sabor de nuestros productos preparados y experimenta la versatilidad que puedes aportar a tus preparaciones con las diferentes variedades disponibles.",https://jumbo.vtexassets.com/arquivos/ids/453271-750-750?width=750&height=750&aspect=true
"Lentejas Martini Laird, 6mm, Grado 1 Bolsa 500 g",Martini,https://www.jumbo.cl/lentejas-martini-bolsa-500-g-laird-6mm-grado-1-2/p,(Normal),,$1.499,,Código: 266318,Producto: LentejasContenido: 500 grLargo 6mmGrado 1 - Cosecha sin remojo,https://jumbo.vtexassets.com/arquivos/ids/396161-750-750?width=750&height=750&aspect=true
Arroz grado 1 grano largo y ancho 3 kg,Tucapel,https://www.jumbo.cl/arroz-grado-1-tucapel-3-kg-gran-seleccion-grano-largo-y-ancho/p,(Normal),,$3.619,,Código: 1024795,Arroz Tucapel caracterizado por su longitud consistencia y sabor. Ideal para acompañar cualquier tipo de comida. 3 kg,https://jumbo.vtexassets.com/arquivos/ids/458981-750-750?width=750&height=750&aspect=true
Polenta Italina Martini 500 g,Martini,https://www.jumbo.cl/polenta-italina-martini-500-g/p,(Normal),,$1.139,,Código: 266968,"Polenta italiana de maiz 100% natural con 6.4 % de hierro y 16% de fósforo. Siendo una buena fuente de nutrientes, proteínas y energía.",https://jumbo.vtexassets.com/arquivos/ids/291824-750-750?width=750&height=750&aspect=true
Quinoa curry champiñon 170 g,Banquete,https://www.jumbo.cl/quinoa-banquete-curry-champinon-170-g/p,(Normal),,$1.579,,Código: 1701550,"Deliciosa Quinoa curry champiñon 170 g, perfecta para tus preparaciones favoritas. Banquete te simplifica la vida y le da sabor a tus comidas.",https://jumbo.vtexassets.com/arquivos/ids/458994-750-750?width=750&height=750&aspect=true
"Arroz especial Tucapel 1 kg, grado 1, paella, grano corto",Tucapel,https://www.jumbo.cl/arroz-especial-tucapel-1-kg-grado-1-paella-grano-corto/p,(Ref.),$1.499,,,Código: 264583,"Arroz Grado 1 Tucapel especial para Paellas, con granos cortos ideal para preparar y disfrutar de un rica paella valenciana.",https://jumbo.vtexassets.com/arquivos/ids/418263-750-750?width=750&height=750&aspect=true
Arroz especial Miraflores paella 175 g,Miraflores,https://www.jumbo.cl/arroz-especial-miraflores-paella-175-g/p,(Normal),,$749,,Código: 476526,"Arroz especial Miraflores paella 175 g
En Miraflores tenemos variadas opciones de arroz para que puedas preparar lo que quieras cuando quieras, conoce toda la variedad disponible para disfrutar del mejor arroz.
Arroz de grano largo y ancho
Disfruta del arroz más rico y consumido en Chile. Se caracteriza por su longitud, consistencia y sabor, siendo un acompañamiento ideal para todo tipo de preparaciones.
Arroz integral
Miraflores tiene para ti una nutritiva línea de arroz. Se trata del arroz Integral Miraflores, una rica manera de alimentarse saludablemente. Este arroz tiene un exquisito sabor y requiere menos tiempos de preparación, perfecto para aquellos que buscan una alimentación sana.
Arroz pregraneados
Miraflores pregraneado es de granos firmes, lo cual lo hace perfecto para cocinar de forma simple y fácil. No requiere sofreír, por lo que es de rápida cocción, pero su principal ventaja es que queda siempre graneado y exquisito
Arroz preparados
Disfruta de todo el sabor de nuestros productos preparados y experimenta la versatilidad que puedes aportar a tus preparaciones con las diferentes variedades disponibles.",https://jumbo.vtexassets.com/arquivos/ids/453166-750-750?width=750&height=750&aspect=true
Porotos tórtola bolsa 1 kg,Campo Lindo,https://www.jumbo.cl/porotos-tortola-campo-lindo-bolsa-1-kg-2/p,(Normal),,$3.349,,Código: 267003,"Porotos tórtola bolsa 1 kg, es especial para que puedas preparar esos ricos platos que tanto amas. Perfecto para compartir y disfrutar una rica comida con amigos y familiares.",https://jumbo.vtexassets.com/arquivos/ids/161590-750-750?width=750&height=750&aspect=true
Porotos negros bolsa 1 kg,Banquete,https://www.jumbo.cl/porotos-negros-banquete-bolsa-1-kg-2/p,(Normal),,$2.349,,Código: 1538726,Porotos negros bolsa 1 kg. Es idóneo y apto para cualquier preparación que tengas en mente. Se caracteriza por su excelente sabor.,https://jumbo.vtexassets.com/arquivos/ids/458985-750-750?width=750&height=750&aspect=true
"Trigo Precocido Burgol Suk, grano medio,500 g",Suk,https://www.jumbo.cl/burgol-suk-500-g/p,(Normal),,$1.889,,Código: 1758658,"Trigo Precocido Burgol Suk grano medio 500 g
Trigo precocido (grano medio) de alto valor nutricional. Ideal para preparar kubbe árabe, ensaladas y guisos.
En 1968 Emily y Sucre, viajeros trotamundos nacidos en Palestina, llegan a Chile y abren un pequeño y auténtico local en la calle Punta Arenas del barrio Bellavista. Lo llamaron “Oriental Productos”.
Fue allí que con sus tradicionales recetas del mediterráneo e increíble pasión fueron conquistando paladar tras paladar con la preparación de dulces árabes, platos salados y la venta de ingredientes auténticos para cocinar en casa.
Esta pasión por la comida los llevó a ser pioneros en la elaboración de masa filo, dulces árabes e importaciones de granos y especias como el couscous, burgol, lentejas rojas y cúrcuma, provenientes de una cultura milenaria ¡donde lo bueno nunca pasa de moda!
Desde entonces, nos hemos dedicado a seguir trayendo lo mejor del mediterráneo a tu mesa para que vueles con tu imaginación en la cocina. Y si se te olvida el postre, ¡recuerda que lo tenemos nosotros!",https://jumbo.vtexassets.com/arquivos/ids/305459-750-750?width=750&height=750&aspect=true
Arroz grado 2 grano largo y ancho 1 kg,Cuisine & Co,https://www.jumbo.cl/arroz-cuisine-and-co-g2-grano-largo-ancho1kg-1888809/p,(Normal),,$1.199,,Código: 1888809,"Sabemos que un buen producto también puede tener un mejor precio, es por esto que te invitamos a descubrir nuestra nueva marca, creada especialmente para esos incansables buscadores del sabor y que valoran la calidad y la innovación, sin tener que pagar de más. Navega en nuestro sitio web y sorpréndete con la fantástica y extensa variedad de productos Cuisine & Co.",https://jumbo.vtexassets.com/arquivos/ids/453427-750-750?width=750&height=750&aspect=true
"Arroz Especial Tucapel Sobre 210 g, Preparado, Curry Champiñón",Tucapel,https://www.jumbo.cl/arroz-especial-tucapel-sobre-210-g-preparado-curry-champinon/p,(Normal),,$689,,Código: 498208003,"Arroz Especial Preparado Primavera Tucapel con champiñones deshidratados y curry, sin colorantes ni saborizantes artificiales.",https://jumbo.vtexassets.com/arquivos/ids/459012-750-750?width=750&height=750&aspect=true
Arvejas verdes partidas 1 kg,Cuisine & Co,https://www.jumbo.cl/arvejas-verdes-partidas-1-kg-cuisine-and-co-1840313/p,(Normal),,$1.649,,Código: 1840313,"Las arvejas verdes aportan potasio, fósforo, calcio, hierro, fibras, azúcares y proteínas. También son recomendadas para diabéticos y ayudan a eliminar el colesterol. Además, producen efectos tranquilizantes, beneficiosos para el sistema nervioso.",https://jumbo.vtexassets.com/arquivos/ids/434243-750-750?width=750&height=750&aspect=true
"Arroz especial Tucapel 400 g,  grado 1, para sushi",Tucapel,https://www.jumbo.cl/arroz-especial-tucapel-400-g-grado-1-para-sushi/p,(Normal),,$1.839,,Código: 264651,Arroz Blanco Tucapel especial para preprarar Sushi. Pequeños granos enteros y redondos ideal para hacer tus rolls y preprar un rica y deliciosa comida tradicional japonesa. Incluye algas y palitos para armar tu sushi,https://jumbo.vtexassets.com/arquivos/ids/414153-750-750?width=750&height=750&aspect=true
Lentejas rojas Martini 500 g,Martini,https://www.jumbo.cl/lentejas-rojas-martini-500-g/p,(Normal),,$2.099,,Código: 1791043,"Preparación: Cocinar las lentejas, el zapallo y el arroz en 1 1/2 litros de agua. Freír la cebolla hasta que esté dorada, agregar el tomate, aliños y sal. Luego añadir a las lentejas. Terminar con la cocción y agregar la espinaca. Reposar unos diez minutos y servir.

¿Sabías qué? El ácido fólico o Vitamina B9 es efectivo en el tratamiento de la anemia y es recomendado para mujeres embarazadas y en edad fértil.",https://jumbo.vtexassets.com/arquivos/ids/296537-750-750?width=750&height=750&aspect=true
Lentejas Peladas Martini 500 g,Martini,https://www.jumbo.cl/lentejas-peladas-martini-500-g/p,(Normal),,$1.999,,Código: 455195,Producto: Lentejas PeladasContenido: 500 grGrado 1Cosecha sin remojo,https://jumbo.vtexassets.com/arquivos/ids/291819-750-750?width=750&height=750&aspect=true
Lentejas 5 mm 1 kg,Cuisine & Co,https://www.jumbo.cl/lentejas-5-mm-1-kg-cuisine-and-co-1840315/p,(Normal),,$2.299,,Código: 1840315,"Las legumbres son uno de los platos más saludables en la alimentación actual. El poder de las lentejas te ayudará en la etapa de embarazo y también en la prevensión de la anemia, gracias a su alto contenido en hierro y ácido fólico.",https://jumbo.vtexassets.com/arquivos/ids/444465-750-750?width=750&height=750&aspect=true
Poroto rojo 1 kg,Cuisine & Co,https://www.jumbo.cl/poroto-rojo-1-kg-cuisine-and-co-1840321/p,(Ref.),$2.299,,,Código: 1840321,"Sabemos que un buen producto también puede tener un mejor precio, es por esto que te invitamos a descubrir nuestra nueva marca, creada especialmente para esos incansables buscadores del sabor y que valoran la calidad y la innovación, sin tener que pagar de más. Navega en nuestro sitio web y sorpréndete con la fantástica y extensa variedad de productos Cuisine & Co.",https://jumbo.vtexassets.com/arquivos/ids/448533-750-750?width=750&height=750&aspect=true
Quinoa blanca 400 g,La Poruña,https://www.jumbo.cl/quinoa-blanca-la-poruna-400g-1894734/p,(Ref.),$2.159,,,Código: 1894734,"La Quinoa es una semilla muy nutritiva que además puedes preparar recetas súper ricas y variadas. Desde una ensalada de Quinoa, hasta albóndigas, hamburguesas y risotto.",https://jumbo.vtexassets.com/arquivos/ids/463088-750-750?width=750&height=750&aspect=true
"Garbanzos Martini Bolsa 500 g, Grandes, Sin piel",Martini,https://www.jumbo.cl/garbanzos-martini-bolsa-500-g-grandes-sin-piel-2/p,(Normal),,$2.319,,Código: 265942,Producto: GarbanzosContenido: 500 grGrado 1 y sin pielCosecha sin remojo,https://jumbo.vtexassets.com/arquivos/ids/291768-750-750?width=750&height=750&aspect=true
Arroz italiano Basmati 1 kg,Scotti,https://www.jumbo.cl/arroz-basmati-scotti-1kg-1871121/p,(Normal),,$5.549,,Código: 1871121,"Basmati es uno de los arroces aromáticos más consumidos. Es de grano largo y fino, y además de su perfume que es lo que le da su nombre en hindi (Fragante o Reina de las fragancias). Se caracteriza por su delicado sabor. Es considerado el arroz de grano más largo, que, además, se duplica después de su cocción. Es ideal para acompañar un curry de verduras o de pollo, ensaladas y mariscos. Listo en 10 o 12 minutos.",https://jumbo.vtexassets.com/arquivos/ids/417370-750-750?width=750&height=750&aspect=true
Poroto negro 1 kg,Cuisine & Co,https://www.jumbo.cl/poroto-negro-1-kg-cuisine-and-co-1840320/p,(Normal),,$1.799,,Código: 1840320,"Sabemos que un buen producto también puede tener un mejor precio, es por esto que te invitamos a descubrir nuestra nueva marca, creada especialmente para esos incansables buscadores del sabor y que valoran la calidad y la innovación, sin tener que pagar de más. Navega en nuestro sitio web y sorpréndete con la fantástica y extensa variedad de productos Cuisine & Co.",https://jumbo.vtexassets.com/arquivos/ids/448534-750-750?width=750&height=750&aspect=true
Cous Cous 500 g,Divella,https://www.jumbo.cl/cous-cous-divella-caja-500-g-medio/p,(Normal),,$2.299,,Código: 355820,"Marca Divella trae una variedad de productos frescos y sabrosos, disfruta y lleva la verdadera pasta a tu mesa",https://jumbo.vtexassets.com/arquivos/ids/331495-750-750?width=750&height=750&aspect=true
Perlitas garbanzo Fácil 220 g,Banquete,https://www.jumbo.cl/perlitas-garbanzo-banquete-facil-220-gr-1898187/p,(Normal),,$2.299,,Código: 1898187,Los garbanzos de Banquete Fácil son ideales para una cómida rápida y sencilla de cocinar. Es un producto de receta casera y que no tiene preservantes.,https://jumbo.vtexassets.com/arquivos/ids/461123-750-750?width=750&height=750&aspect=true
Quinoa mix vegetales 170 g,Banquete,https://www.jumbo.cl/quinoa-banquete-mix-vegetales-170-g/p,(Normal),,$1.650,,Código: 1701551,"Deliciosa Quinoa mix vegetales 170 g, perfecta para tus preparaciones favoritas. Banquete te simplifica la vida y le da sabor a tus comidas.",https://jumbo.vtexassets.com/arquivos/ids/458990-750-750?width=750&height=750&aspect=true
"Sésamo Mi Tierra Bolsa 100 g, Pelado",Mi Tierra,https://www.jumbo.cl/sesamo-mi-tierra-bolsa-100-g-pelado/p,(Normal),,$1.319,,Código: 272600,"Nutritiva semilla que aporta ácidos grasos, vitaminas y minerales como calcio y hierro. Tiene un exquisito aroma que realza el sabor de tus comidas y su versatilidad permite usarlo en distintas preparaciones dulces y saladas.",https://jumbo.vtexassets.com/arquivos/ids/251468-750-750?width=750&height=750&aspect=true
Porotos Blancos Martini Bolsa 500 g,Martini,https://www.jumbo.cl/porotos-blancos-martini-bolsa-500-g-2/p,(Normal),,$2.149,,Código: 675392,Producto: Porotos BlancosContenido: 500 grGrado 1Cosecha seleccionada a mano,https://jumbo.vtexassets.com/arquivos/ids/173238-750-750?width=750&height=750&aspect=true
"Arroz Especial Tucapel Sobre 210 g, Preparado, Primavera",Tucapel,https://www.jumbo.cl/arroz-especial-tucapel-sobre-210-g-preparado-primavera/p,(Normal),,$689,,Código: 498208002,"Arroz Especial Preparado Primavera Tucapel con arvejas, zanahoria y choclo, sin colorantes ni saborizantes artificiales.",https://jumbo.vtexassets.com/arquivos/ids/459011-750-750?width=750&height=750&aspect=true
Arroz grado 2 grano largo y ancho graneado 1 kg,Tucapel,https://www.jumbo.cl/arroz-grado-2-tucapel-1-kg-graneado-grano-largo-y-ancho/p,(Normal),,$1.359,,Código: 264598,Arroz Tucapel caracterizado por su longitud consistencia y sabor. Ideal para acompañar cualquier tipo de comida.,https://jumbo.vtexassets.com/arquivos/ids/414157-750-750?width=750&height=750&aspect=true
Arroz arborio 1 kg,Scotti,https://www.jumbo.cl/arroz-arborio-scotti-1-kg-1869715/p,(Normal),,$4.449,,Código: 1869715,"Arroz de grano medio, redondo y blanquecino, posee un 18 % de amilosa (molécula del almidón) lo que le confiere la cualidad perfecta para unirse entre sí, una vez que suelta el almidón al cocinarse, se vuelve cremoso. Especial para risotto y arroz con leche.",https://jumbo.vtexassets.com/arquivos/ids/461713-750-750?width=750&height=750&aspect=true
Quínoa grano blanco 500 g,Andean Valley,https://www.jumbo.cl/quinoa-grano-blanco-andean-valley-500-g/p,(Normal),,$3.699,,,,
Arvejas partidas 1 kg,Banquete,https://www.jumbo.cl/arvejas-partidas-banquete-1-kg/p,(Normal),,$1.859,,Código: 354403,"Deliciosas Arvejas partidas 1 kg, perfectas para tus preparaciones favoritas. Banquete te simplifica la vida y le da sabor a tus comidas.",https://jumbo.vtexassets.com/arquivos/ids/459007-750-750?width=750&height=750&aspect=true
Lentejas 7 mm bolsa 1 kg,Campo Lindo,https://www.jumbo.cl/lentejas-campo-lindo-7mm-bolsa-1-kilo-2/p,(Normal),,$2.299,,Código: 266317,"Las lentejas son una saludable fuente de proteínas y energía para el organismo. También aportan abundantes minerales y proteínas. Prueba el sabor natural de Campo Lindo, por una dieta basada en legumbres.",https://jumbo.vtexassets.com/arquivos/ids/161586-750-750?width=750&height=750&aspect=true
Poroto hallado 1 kg,Cuisine & Co,https://www.jumbo.cl/poroto-hallado-1-kg-cuisine-and-co-1840318/p,(Normal),,$2.099,,Código: 1840318,"Sabemos que un buen producto también puede tener un mejor precio, es por esto que te invitamos a descubrir nuestra nueva marca, creada especialmente para esos incansables buscadores del sabor y que valoran la calidad y la innovación, sin tener que pagar de más. Navega en nuestro sitio web y sorpréndete con la fantástica y extensa variedad de productos Cuisine & Co.",https://jumbo.vtexassets.com/arquivos/ids/448538-750-750?width=750&height=750&aspect=true
Trigo mote 500 g,Oso,https://www.jumbo.cl/trigo-mote-oso-500-g/p,(Normal),,$1.299,,Código: 506485,"Trigo mote, ideal para un rico mote con huesillo. Oso es naturaleza para tu familia. Prueba sus productos en nuestra tienda.",https://jumbo.vtexassets.com/arquivos/ids/274540-750-750?width=750&height=750&aspect=true
Risotto Inverni a los 4 quesos 175 g,Inverni,https://www.jumbo.cl/arroz-especial-riso-inverni-175-g-en-caja-risotto-pronto-a-los-cuatro-quesos/p,(Normal),,$2.499,,Código: 1141378,"Riso Inverni es una marca con calidad y tradición que solo una empresa con 155 años de experiencia puede aportar. Los productos ofrecen un risotto cremoso, versátil y al dente, para que cualquiera pueda descubrir al chef que lleva dentro.",https://jumbo.vtexassets.com/arquivos/ids/180419-750-750?width=750&height=750&aspect=true
Arroz grado 1 extra clásico 1 kg,Tucapel,https://www.jumbo.cl/arroz-tucapel-extra-clasico-g1-1kg/p,(Normal),,$1.459,,Código: 1801357,Disfruta de esta variedad Tucapel grano corto y conoce un mundo de sabores y texturas para distintas preparaciones. Arroz grado 1 extra clásico.,https://jumbo.vtexassets.com/arquivos/ids/459000-750-750?width=750&height=750&aspect=true
Arroz Integral Miraflores 1 kg,Miraflores,https://www.jumbo.cl/arroz-integral-miraflores-1-kg-fibraplus/p,(Normal),,$1.459,,Código: 1220661,"Arroz Integral Miraflores 1 kg
En Miraflores tenemos variadas opciones de arroz para que puedas preparar lo que quieras cuando quieras, conoce toda la variedad disponible para disfrutar del mejor arroz.
Arroz de grano largo y ancho
Disfruta del arroz más rico y consumido en Chile. Se caracteriza por su longitud, consistencia y sabor, siendo un acompañamiento ideal para todo tipo de preparaciones.
Arroz integral
Miraflores tiene para ti una nutritiva línea de arroz. Se trata del arroz Integral Miraflores, una rica manera de alimentarse saludablemente. Este arroz tiene un exquisito sabor y requiere menos tiempos de preparación, perfecto para aquellos que buscan una alimentación sana.
Arroz pregraneados
Miraflores pregraneado es de granos firmes, lo cual lo hace perfecto para cocinar de forma simple y fácil. No requiere sofreír, por lo que es de rápida cocción, pero su principal ventaja es que queda siempre graneado y exquisito
Arroz preparados
Disfruta de todo el sabor de nuestros productos preparados y experimenta la versatilidad que puedes aportar a tus preparaciones con las diferentes variedades disponibles.",https://jumbo.vtexassets.com/arquivos/ids/452778-750-750?width=750&height=750&aspect=true
Chía Oso 250 g,Oso,https://www.jumbo.cl/chia-oso-250-g/p,(Normal),,$3.629,,Código: 1650298,"Chía Oso 250 g
Las semillas de chía, a diferencia de otras semillas, contienen ácidos grasos omega-3 como ácido alfa-linolénico. Este ácido graso es precursor de EPA y DHA, los cuales tienen efectos positivos sobre la función cardíaca, y también en la formación del sistema nervioso y visual.
Son ricas en fibra insoluble, este tipo de fibra es beneficiosa debido a que ayuda a acelerar el tránsito intestinal y a prevenir el estreñimiento.
También contienen flavonoides y compuestos fenólicos como la quercitina, miricetina y el kaempferol. Estas sustancias tienen propiedades antioxidantes, antinflamatorias y antitrombóticas.",https://jumbo.vtexassets.com/arquivos/ids/274228-750-750?width=750&height=750&aspect=true
Quinoa tricolor 250 g,Banquete,https://www.jumbo.cl/quinoa-banquete-tricolor-250-gr-1892615/p,(Normal),,$1.990,,Código: 1892615,"La quinoa es considerada como un ""superalimento"" gracias a sus innumerables propiedades y beneficios. Es un acompañamiento saludable para arroces, smoothies y diversos platos.",https://jumbo.vtexassets.com/arquivos/ids/459542-750-750?width=750&height=750&aspect=true
"Arroz Especial Yang's Brand 1 kg, Aroma jazmín",Yang's Brand,https://www.jumbo.cl/arroz-especial-yangs-brand-1-kg-aroma-jazmin/p,(Normal),,$3.199,,Código: 264649,"Arroz de grano largo, duplica su sabor a nuez y su característico aroma floral.Es considerado como una buena fuente de niacina, tiamina, hierro, selenio, vitamina B1y D.",https://jumbo.vtexassets.com/arquivos/ids/160584-750-750?width=750&height=750&aspect=true
Arvejas verdes bolsa 500 g,Martini,https://www.jumbo.cl/arvejas-verdes-martini-bolsa-500-g-2/p,(Ref.),$989,,,Código: 264687,"Arvejas Verdes Grado 1 en bolsa. Con 7% de calcio, 25% de hierro y antioxidantes, siendo una rica fuente de nutrientes y minerales para el cuerpo.",https://jumbo.vtexassets.com/arquivos/ids/291766-750-750?width=750&height=750&aspect=true
Porotos tórtola 500 g,Campo Lindo,https://www.jumbo.cl/porotos-tortola-campo-lindo-bolsa-500-g-2/p,(Normal),,$1.939,,Código: 1408732,"Deliciosos Porotos tórtola 500 g, especiales para tus preparaciones favoritas. De increíble sabor, ideal para compartir una rica comida.",https://jumbo.vtexassets.com/arquivos/ids/161591-750-750?width=750&height=750&aspect=true
"Lentejón Martini 7mm, Laird Grado 1 Bolsa 500 g",Martini,https://www.jumbo.cl/lentejon-martini-bolsa-500-g-7mm-laird-grado1-2/p,(Normal),,$1.499,,Código: 266319,Producto: LentejasContenido: 500 grLargo 7mmGrado 1 - Cosecha sin remojo,https://jumbo.vtexassets.com/arquivos/ids/396162-750-750?width=750&height=750&aspect=true
Semillas de girasol 125 g,La Fuente Natural,https://www.jumbo.cl/semilla-de-girasol-la-fuente-natural-bolsa-125-g/p,(Normal),,$1.779,,Código: 401544,"Por una alimentación saludable, prefiere las semillas de girasol de La Fuente Natural. Tienen un alto poder antioxidante.",https://jumbo.vtexassets.com/arquivos/ids/456181-750-750?width=750&height=750&aspect=true
Porotos Pelados Martini Bolsa 500 g,Martini,https://www.jumbo.cl/porotos-pelados-martini-bolsa-500-g-2/p,(Normal),,$2.899,,Código: 267012,Producto: Porotos PeladosContenido: 500 grGrado 1Cosecha seleccionada a mano,https://jumbo.vtexassets.com/arquivos/ids/173780-750-750?width=750&height=750&aspect=true
Perlitas porotos Fácil 220 g,Banquete,https://www.jumbo.cl/perlitas-porotos-banquete-facil-220-gr-1898186/p,(Normal),,$2.299,,Código: 1898186,Los porotos de Banquete Fácil son ideales para una cómida rápida y sencilla de cocinar. Es un producto de receta casera y que no tiene preservantes.,https://jumbo.vtexassets.com/arquivos/ids/461121-750-750?width=750&height=750&aspect=true
"Arroz Especial Tucapel Sobre 210 g, Preparado, Chaufán",Tucapel,https://www.jumbo.cl/arroz-especial-tucapel-sobre-210-g-preparado-chaufan/p,(Normal),,$689,,Código: 498208004,"Arroz Especial Preparado Primavera Tucapel Chaufán con pollo deshidratado, zanahoria y pimentón, sin colorantes ni saborizantes artificiales.",https://jumbo.vtexassets.com/arquivos/ids/459013-750-750?width=750&height=750&aspect=true
Arroz grado 2 de 1 kg,Iansa Agro,https://www.jumbo.cl/arroz-iansa-agro-g2-largo-ancho-1kg-1895404/p,(Ref.),$1.155,,,Código: 1895404,"Arroz Grado 2 de grando largo ancho, es el complemento perfecto para disfrutar tus mejores comidas con tus seres queridos. Es un producto nacional y de calidad, que viene en su amigable envase 100% reciclable. Formato 1 kg.",https://jumbo.vtexassets.com/arquivos/ids/470694-750-750?width=750&height=750&aspect=true
"Arroz Especial Inverni Caja 500 g, Arborio",Inverni,https://www.jumbo.cl/arroz-especial-inverni-caja-500-g-arborio/p,(Normal),,$2.599,,Código: 620511,"Delicioso Arroz marca Riso Inverni, ideal para hacer preparaciones como rissottos y timbales, este arroz quedará perfecto gracias a su textura y tipo de grano arborio, ahora tus comidas tendrán un toque especial",https://jumbo.vtexassets.com/arquivos/ids/173681-750-750?width=750&height=750&aspect=true
Arroz grado 1 grano largo y ancho 3 kg,Cuisine & Co,https://www.jumbo.cl/arroz-g1-largo-ancho-c-and-co-3-kg-1888810/p,(Normal),,$3.499,,Código: 1888810,"Sabemos que un buen producto también puede tener un mejor precio, es por esto que te invitamos a descubrir nuestra nueva marca, creada especialmente para esos incansables buscadores del sabor y que valoran la calidad y la innovación, sin tener que pagar de más. Navega en nuestro sitio web y sorpréndete con la fantástica y extensa variedad de productos Cuisine & Co.",https://jumbo.vtexassets.com/arquivos/ids/453429-750-750?width=750&height=750&aspect=true
Sopa mixta bolsa 270 g,Martini,https://www.jumbo.cl/sopa-mixta-martini-bolsa-270-g-2/p,(Normal),,$1.099,,Código: 267513,"Sopa mixta de arvejas, lentejas y porotos 100% naturales. Con fibra, carbohidratos, hierro, vitaminas y ácido fólico, siendo una rica fuente de nutrientes y minerales para el cuerpo.",https://jumbo.vtexassets.com/arquivos/ids/291774-750-750?width=750&height=750&aspect=true
Semillas de Amapola La Fuente Natural Bolsa 125 g,La Fuente Natural,https://www.jumbo.cl/semillas-de-amapola-la-fuente-natural-bolsa-125-g/p,(Normal),,$2.629,,Código: 272592,"Semillas que provienen de la amapola, que aportan increíbles beneficios nutricionales y propiedades tanto curativas como medicinales cuando son consumidas regularmente. Presentan un tamaño ciertamente pequeño, de color negro y sabor muy parecido al de las nueces.",https://jumbo.vtexassets.com/arquivos/ids/456185-750-750?width=750&height=750&aspect=true
Porotos blancos 1 kg,Iansa Agro,https://www.jumbo.cl/poroto-blanco-iansagro-1883622/p,(Ref.),$2.345,,,Código: 1883622,Porotos Blancos son seleccionados manualmente para darte la mejor calidad y viene en su amigable envase 100% reciclable. Te los recomendamos para preparar unos deliciosos  champiñones rellenos. Formato 1 kg.,https://jumbo.vtexassets.com/arquivos/ids/470682-750-750?width=750&height=750&aspect=true
"Arroz Miraflores 1 kg, grado 2, grano largo laminado",Miraflores,https://www.jumbo.cl/arroz-miraflores-1-kg-grado-2-grano-largo-laminado/p,(Normal),,$1.399,,Código: 506470,"Arroz Miraflores 1 kg, grado 2, grano largo laminado
En Miraflores tenemos variadas opciones de arroz para que puedas preparar lo que quieras cuando quieras, conoce toda la variedad disponible para disfrutar del mejor arroz.
Arroz de grano largo y ancho
Disfruta del arroz más rico y consumido en Chile. Se caracteriza por su longitud, consistencia y sabor, siendo un acompañamiento ideal para todo tipo de preparaciones.
Arroz integral
Miraflores tiene para ti una nutritiva línea de arroz. Se trata del arroz Integral Miraflores, una rica manera de alimentarse saludablemente. Este arroz tiene un exquisito sabor y requiere menos tiempos de preparación, perfecto para aquellos que buscan una alimentación sana.
Arroz pregraneados
Miraflores pregraneado es de granos firmes, lo cual lo hace perfecto para cocinar de forma simple y fácil. No requiere sofreír, por lo que es de rápida cocción, pero su principal ventaja es que queda siempre graneado y exquisito
Arroz preparados
Disfruta de todo el sabor de nuestros productos preparados y experimenta la versatilidad que puedes aportar a tus preparaciones con las diferentes variedades disponibles.",https://jumbo.vtexassets.com/arquivos/ids/453196-750-750?width=750&height=750&aspect=true
Quinoa con arroz y lentejas 400 g,Banquete,https://www.jumbo.cl/quinoa-banquete-con-arroz-y-lentejas-400-g/p,(Normal),,$3.190,,Código: 1686061,"Deliciosa Quinoa con arroz y lentejas 400 g, perfecta para tus preparaciones favoritas. Banquete te simplifica la vida y le da sabor a tus comidas.",https://jumbo.vtexassets.com/arquivos/ids/458998-750-750?width=750&height=750&aspect=true
Risotto Inverni funghi porcini 175 g,Inverni,https://www.jumbo.cl/arroz-especial-riso-inverni-175-g-en-caja-risotto-pronto-al-azafran-2/p,(Normal),,$2.499,,Código: 1141381,Producto: Arroz RissotoContenido: 175 gSabor: Funghi,https://jumbo.vtexassets.com/arquivos/ids/180418-750-750?width=750&height=750&aspect=true
Arroz grado 2 grano largo 3 kg,Tucapel,https://www.jumbo.cl/arroz-grado-2-tucapel-gran-seleccion-3-kg/p,(Normal),,$3.549,,Código: 1670111,"Arroz grado 2 de grano largo y ancho, seleccionado de la mejor forma y con toda la calidad que acostumbra Tucapel. Contiene 3 kg.",https://jumbo.vtexassets.com/arquivos/ids/458987-750-750?width=750&height=750&aspect=true
Arroz Paella grano corto 400 g,Miraflores,https://www.jumbo.cl/arroz-paella-grano-corto-miraflores-400g-1871481/p,(Normal),,$1.199,,Código: 1871481,"Delicioso Arroz paella grano corto 400 g, especial para tus preparaciones favoritas. De increíble sabor, ideal para compartir una rica comida.",https://jumbo.vtexassets.com/arquivos/ids/453056-750-750?width=750&height=750&aspect=true
Arroz integral grado 1 de 1 kg,Iansa Agro,https://www.jumbo.cl/arroz-iansa-agro-integral-1kg-1895406/p,(Ref.),$1.274,,,Código: 1895406,"Arroz Integral Grado 1 de grano largo ancho, es el complemento perfecto para disfrutar tus mejores comidas con tus seres queridos de una manera saludable y nutritiva. Es un producto nacional y de calidad, que viene en su amigable envase 100% reciclable. Formato 1 kg.",https://jumbo.vtexassets.com/arquivos/ids/470697-750-750?width=750&height=750&aspect=true
Arroz basmati 500 g,Bio zentrale,https://www.jumbo.cl/arroz-basmati-500-g/p,(Normal),,$4.999,,Código: 1842596,Este arroz blanco es un cereal tradicional y original en su sabor. Cultivado 100% por productores Fairtrade. Ideal para acompañar coloridas creaciones de curry o comidas tradicionales.,https://jumbo.vtexassets.com/arquivos/ids/358446-750-750?width=750&height=750&aspect=true
Polenta Di Vella 500 g,Divella,https://www.jumbo.cl/polenta-di-vella-500-g/p,(Normal),,$1.649,,Código: 1563703,"El sabor de Italia. harina de maíz pre-cocida. Lista en dos minutos. Especial para comer con salsas o como acompañamiento de carnes. puede servirse asada, frita u horneada.",https://jumbo.vtexassets.com/arquivos/ids/331751-750-750?width=750&height=750&aspect=true
Porotos tórtola 1 kg,Iansa Agro,https://www.jumbo.cl/poroto-tortola-1-kg/p,(Ref.),$3.102,,,Código: 1883621,Porotos Tórtola son seleccionados manualmente para darte la mejor calidad y viene en su amigable envase 100% reciclable. Formato 1 kg.,https://jumbo.vtexassets.com/arquivos/ids/470680-750-750?width=750&height=750&aspect=true
Porotos Tórtola Martini Bolsa 500 g,Martini,https://www.jumbo.cl/porotos-tortola-martini-bolsa-500-g-2/p,(Normal),,$2.199,,Código: 267013,"Porotos tortolas en bolsa. Alto en carbohidratos, buena fuente de fibra, 42% de hierro. Los carbohidratos complejos se absorben lentamente ayudando a controlar los niveles de azúcar en la sangre, recomedado para diabéticos.",https://jumbo.vtexassets.com/arquivos/ids/291773-750-750?width=750&height=750&aspect=true
Arroz grado 1 grano largo 1 kg,Yang's Brand,https://www.jumbo.cl/arroz-yang-s-brand-1-kg-grado-1-grano-largo/p,(Normal),,$2.399,,Código: 264650,"Arroz de grano largo. Es considerado como una buena fuente de niacina, tiamina, hierro, selenio, vitamina B1y D.",https://jumbo.vtexassets.com/arquivos/ids/236956-750-750?width=750&height=750&aspect=true
Quinoa Orgánica bolsa 350 g,La Fuente Natural,https://www.jumbo.cl/quinoa-la-fuente-natural-bolsa-350-g/p,(Normal),,$4.149,,Código: 272000,"Esta quínoa orgánica contiene completamente el número de aminoácidos esenciales que necesita el ser humano, debido a que tiene proteínas de la mejor calidad y además posee un balance ideal de los aminoácidos esenciales y ácidos grasos básicos.",https://jumbo.vtexassets.com/arquivos/ids/456179-750-750?width=750&height=750&aspect=true
Trigo Mote Martini 500 g,Martini,https://www.jumbo.cl/trigo-mote-martini-500-g/p,(Normal),,$1.299,,Código: 675393,"Trigo mote 100% natural, con fibra y fósforo siendo una rica fuente de nutrientes y minerales para el cuerpo.",https://jumbo.vtexassets.com/arquivos/ids/291831-750-750?width=750&height=750&aspect=true
Porotos hallados 1 kg,Campo Lindo,https://www.jumbo.cl/porotos-hallados-campo-lindo-1-kg/p,(Normal),,$2.079,,Código: 267002,"Deliciosos Porotos hallados 1 kg, especiales para tus preparaciones favoritas. De increíble sabor, ideal para compartir una rica comida.",https://jumbo.vtexassets.com/arquivos/ids/179904-750-750?width=750&height=750&aspect=true
Maravilla pelada Oso 250 g,Oso,https://www.jumbo.cl/maravilla-pelada-oso-250-g/p,(Normal),,$2.519,,Código: 1650300,"Maravilla pelada Oso 250 g
Las Maravilla sson una excelente fuente de vitamina E, la función más importante de esta vitamina es la protección contra la acción de los radicales libres, esto se ha asociado principalmente con la prevención de enfermedades cardiovasculares.
La vitamina E presente en las semillas de maravilla tiene un alto poder antioxidante, actúa como agente fotoprotector, protegiendo a nuestra piel de los efectos nocivos de la radiación ultravioleta y de la aparición de arrugas.
También contienen tiamina o vitamina B1, esta vitamina es necesaria para obtener energía a partir de los carbohidratos. Al mantener niveles constantes de energía en el cuerpo, nuestro cerebro se mantiene funcionando correctamente y podamos mantener la concentración durante la jornada.",https://jumbo.vtexassets.com/arquivos/ids/274545-750-750?width=750&height=750&aspect=true
Garbanzos con piel bolsa 1 kg,Campo Lindo,https://www.jumbo.cl/garbanzos-campo-lindo-bolsa-1-kg-con-piel-2/p,(Normal),,$2.719,,Código: 265938,"El garbanzo es una excelente fuente de proteínas, minerales y vitaminas que ayudan a mantener las defensas de tu organismo. Prueba el sabor natural de Campo Lindo, por una dieta basada en legumbres.",https://jumbo.vtexassets.com/arquivos/ids/161583-750-750?width=750&height=750&aspect=true
Lentejas 5 mm bolsa 1 kg,Campo Lindo,https://www.jumbo.cl/lentejas-campo-lindo-bolsa-1-kg-5mm-2/p,(Normal),,$2.099,,Código: 266315,"Por una alimentación saludable y basada en legumbres, prefiere las lentejas Campo Lindo. Una excelente fuente de proteínas, minerales y vitaminas.",https://jumbo.vtexassets.com/arquivos/ids/161587-750-750?width=750&height=750&aspect=true
Arroz risotto Inverni al azafrán 175 g,Inverni,https://www.jumbo.cl/arroz-especial-riso-inverni-175-g-en-caja-risotto-pronto-al-azafran/p,(Normal),,$2.499,,Código: 1141379,Producto: Arroz RissotoContenido: 175 gSabor: Azafrán,https://jumbo.vtexassets.com/arquivos/ids/180417-750-750?width=750&height=750&aspect=true
Linaza La Fuente Natural Bolsa 500 g,La Fuente Natural,https://www.jumbo.cl/linaza-la-fuente-natural-bolsa-500-g/p,(Normal),,$3.149,,Código: 271204,"La linaza es la semilla de la planta del lino. Se puede conseguir en varias presentaciones, como aceite, en tabletas, molida y la semilla entera. Son muy ricas en fibra y poseen un alto contenido de Omega 3 y 6. Tienen un efecto regulador en el sistema digestivo. Ayuda a la prevención de enfermedades cardiovasculares, regula el colesterol, contribuye al buen funcionamiento del cerebro y a la salud ocular, entre otros.",https://jumbo.vtexassets.com/arquivos/ids/456175-750-750?width=750&height=750&aspect=true
Porotos hallados 1 kg,Banquete,https://www.jumbo.cl/porotos-hallado-banquete-bolsa-1-kg-2/p,(Normal),,$2.629,,Código: 1538727,"Deliciosos Porotos hallados 1 kg, perfectos para tus preparaciones favoritas. Banquete te simplifica la vida y le da sabor a tus comidas.",https://jumbo.vtexassets.com/arquivos/ids/458988-750-750?width=750&height=750&aspect=true
Semilla sésamo negro 125 g,Specia,https://www.jumbo.cl/semilla-sesamo-negro-125-g/p,(Normal),,$2.399,,Código: 1839385,"Las semillas de sésamo negro son ricas en ácidos grasos, compuestos fenólicos, antioxidantes, vitaminas y fibra dietética.",https://jumbo.vtexassets.com/arquivos/ids/447361-750-750?width=750&height=750&aspect=true
Risotto Inverni al espárrago 175 g,Inverni,https://www.jumbo.cl/arroz-especial-inverni-175-g-risotto-al-esparrago/p,(Normal),,$2.499,,Código: 1141380,Producto: Arroz RissotoContenido: 175 gSabor:Espárrago,https://jumbo.vtexassets.com/arquivos/ids/224484-750-750?width=750&height=750&aspect=true
Lentejas 5 mm 1 kg,Iansa Agro,https://www.jumbo.cl/lenteja-5mm-iansagro-1kg/p,(Ref.),$1.912,,,Código: 1883619,Lentejas 5 mm son seleccionadas manualmente para darte la mejor calidad y en su amigable envase 100% reciclable. Te las recomendamos para preparar un delicioso paté vegano de lentejas con champiñones y nueces. Formato 1 kg.,https://jumbo.vtexassets.com/arquivos/ids/470676-750-750?width=750&height=750&aspect=true
Arvejas partidas envase 500 g,Campo Lindo,https://www.jumbo.cl/arvejas-campo-lindo-envase-500-g-partidas-2/p,(Normal),,$719,,Código: 1408110,"Las arvejas son un alimento altamente recomendado para diabéticos y personas que buscan bajar el colesterol. Además, aportan Vitamina A, potasio, calcio, fósforo, hierro y azúcares. Prueba el sabor natural de Campo Lindo, por una dieta basadsa en legumbres.",https://jumbo.vtexassets.com/arquivos/ids/161582-750-750?width=750&height=750&aspect=true
Porotos Negros Martini Bolsa 500 g,Martini,https://www.jumbo.cl/porotos-negros-martini-bolsa-500-g-2/p,(Normal),,$1.629,,Código: 761535,"Remojo Corto: 1 taza de porotos por 5 tazas de agua, hervir por tres minutos, dejar reposar por 1 hora y luego cocinar.

Remojo Largo: 1 taza de porotos por 5 tazas de agua fría, dejar remojar toda la noche o por 12 horas, cambiar el agua para cocinarlos.

¿Sabías qué? Los carbohidratos complejos se absorben lentamente ayudando a controlar los niveles de azúcar en la sangre, recomedado para diabéticos.",https://jumbo.vtexassets.com/arquivos/ids/291772-750-750?width=750&height=750&aspect=true
"Garbanzos Martini Bolsa 500 g, Con piel",Martini,https://www.jumbo.cl/garbanzos-martini-bolsa-500-g-con-piel-2/p,(Normal),,$1.999,,Código: 265941,"Para preparar garbanzos, se dejan en remojo durante la noche anterior, eliminan el agua y los cocinan en agua hirviendo hasta que estén blandos. Durante la cocción deben agregar dos hojas de laurel, pimentón picado en pequeños cuadros, ajo molido, sal y pimienta a gusto.",https://jumbo.vtexassets.com/arquivos/ids/291767-750-750?width=750&height=750&aspect=true
Arroz pregraneado grado 1 de 1 kg,Iansa Agro,https://www.jumbo.cl/arroz-iansa-agro-pregraneado-1kg-1895405/p,(Ref.),$1.274,,,Código: 1895405,"Arroz Pregraneado Grado 1 de grano largo delgado, es el complemento perfecto para disfrutar tus mejores comidas con tus seres queridos. Es un producto de calidad, que viene en su amigable envase 100% reciclable. Formato 1 kg.",https://jumbo.vtexassets.com/arquivos/ids/470695-750-750?width=750&height=750&aspect=true
Arvejas amarillas bolsa 500 g,Martini,https://www.jumbo.cl/arvejas-amarillas-martini-bolsa-500-g-2/p,(Normal),,$1.129,,Código: 506484,"Arvejas Amarillas Grado 1 en bolsa. Con 17% de potasio, 25% de hierro y antioxidantes, siendo una rica fuente de nutrientes y minerales para el cuerpo.",https://jumbo.vtexassets.com/arquivos/ids/291765-750-750?width=750&height=750&aspect=true
"Salvado de Avena Fuente Natural 500 g, Precocida",La Fuente Natural,https://www.jumbo.cl/salvado-de-avena-fuente-natural-500-g-precocida-2/p,(Normal),,$1.919,,Código: 1238536,"Salvado de Avena Fuente Natural 500 g, Precocida
¿POR QUÉ CONSUMIR EL SALVADO DE AVENA?
Porque la Avena es un cereal naturalmente con mucha fibra, además de poseer proteínas y fierro en su composición.
¿CUÁL ES LA CANTIDAD IDEAL?
Es recomendable consumir de 1 a 2 cucharadas de sopa al día.
SE COME BIEN CON...
Ensalada de frutas, jugos y leche.",https://jumbo.vtexassets.com/arquivos/ids/456165-750-750?width=750&height=750&aspect=true
Maíz Curagua Fuente Natural 125 g,La Fuente Natural,https://www.jumbo.cl/maiz-curagua-fuente-natural-125-g/p,(Normal),,$1.039,,Código: 931539,"El Maíz Curagua es un tipo de maíz seco que revienta fácilmente con el calor, es usado en la preparación de cabritas y además se caracteriza por se alto en fibra, vitaminas y magnesio.",https://jumbo.vtexassets.com/arquivos/ids/456184-750-750?width=750&height=750&aspect=true
Sésamo tostado La Fuente Natural 125 g,La Fuente Natural,https://www.jumbo.cl/sesamo-tostado-la-fuente-natural-125-g/p,(Normal),,$2.099,,Código: 272599,"El sésamo es una semilla rica en aceite, que se emplea en gastronomía. Contienen una gran proporción en calcio, lo que las hace recomendadas para las personas intolerantes a la lactosa. Es gran fuente de fibra.",https://jumbo.vtexassets.com/arquivos/ids/456183-750-750?width=750&height=750&aspect=true
Trigo mote Frutisa 1 Kilo,Dole,https://www.jumbo.cl/trigo-mote-frutisa-1-kilo/p,(Normal),,$2.049,,Código: 1375063,"Germen de trigo pelado utilizado para la clásica bebida Mote con Huesillos. Es rico para preparar un guiso de mote o un pebre de mote con cebolla, tomate, cebolla y cebollín.",https://jumbo.vtexassets.com/arquivos/ids/325360-750-750?width=750&height=750&aspect=true
Porotos negros 1 kg,Iansa Agro,https://www.jumbo.cl/poroto-negro-iansagro-1kg-1883623/p,(Ref.),$1.997,,,Código: 1883623,Porotos Negros son seleccionados manualmente para darte la mejor calidad y viene en su amigable envase 100% reciclable. Te los recomendamos para preparar unos deliciosos canelones rellenos vegetarianos. Formato 1 kg.,https://jumbo.vtexassets.com/arquivos/ids/470684-750-750?width=750&height=750&aspect=true
"Arroz especial Inverni 1 kg, Arborio",Inverni,https://www.jumbo.cl/arroz-especial-inverni-1-kg-arborio/p,(Normal),,$4.699,,Código: 620508,"Riso Inverni es una marca con calidad y tradición que solo una empresa con 155 años de experiencia puede aportar. Los productos ofrecen un risotto cremoso, versátil y al dente, para que cualquiera pueda descubrir al chef que lleva dentro.",https://jumbo.vtexassets.com/arquivos/ids/180410-750-750?width=750&height=750&aspect=true
Garbanzo sin piel bolsa 500 g,Alto Campo,https://www.jumbo.cl/garbanzo-sin-piel-bolsa-500-g/p,(Normal),,$1.399,,Código: 1842780,"Garbanzo libre de organismos genéticamente modificados. Su alto contenido en fibra ayuda a combatir el estreñimiento, disminuir enfermedades intestinales y saciar el apetito. Ayuda a disminuir el colesterol malo y te protege contra enfermedades cardiovasculares.",https://jumbo.vtexassets.com/arquivos/ids/356787-750-750?width=750&height=750&aspect=true
Guiso de Lentejas bolsa 500 g,Martini,https://www.jumbo.cl/guiso-de-lentejas-martini-bolsa-500-g-2/p,(Normal),,$1.799,,Código: 266014,"Guiso de Lentejas Grado 1. Con Vitaminas B, Ácido Fólico y hierro, siendo una rica fuente de nutrientes y minerales para el cuerpo.",https://jumbo.vtexassets.com/arquivos/ids/173236-750-750?width=750&height=750&aspect=true
Suprema de Arvejas 500 g,Martini,https://www.jumbo.cl/suprema-de-arvejas-martini-bolsa-500-g-6-porciones-2/p,(Normal),,$1.449,,Código: 511443,"Suprema de arvejas verdes, amarillas y lentejas peladas. Con calcio, potasio, hierro y vitaminas, siendo una rica fuente de nutrientes y minerales para el cuerpo.",https://jumbo.vtexassets.com/arquivos/ids/173782-750-750?width=750&height=750&aspect=true
Quínoa grano rojo 300 g,Andean Valley,https://www.jumbo.cl/quinoa-grano-rojo-andean-valley-300-g/p,(Normal),,$3.699,,Código: 1697605,"El suelo donde se cultiva la Quínoa Real es único. Hace miles de años la zona del altiplano sur de Bolivia era geológicamente una cuenca lacustre (lago). Hoy en día, ese suelo contiene mayor salinidad que otros suelos mejorando las condiciones agrológicas (equilibrio ácido-base) que influyen en las características del grano (tamaño grande, color ?dorado?).",https://jumbo.vtexassets.com/arquivos/ids/336802-750-750?width=750&height=750&aspect=true
Lentejas de 6 mm 1 kg,Alto Campo,https://www.jumbo.cl/lentejas-de-6-mm-1-kg/p,(Normal),,$2.199,,Código: 1842776,"Lentejas Alto Campo de 1 kg, ideales para dietas veganas y libre de organismos geneticamente modificados",https://jumbo.vtexassets.com/arquivos/ids/356783-750-750?width=750&height=750&aspect=true
Quínoa grano negro 300 g,Andean Valley,https://www.jumbo.cl/quinoa-grano-negro-andean-valley-300-g/p,(Normal),,$3.699,,Código: 1697606,"El suelo donde se cultiva la Quínoa Real es único. Hace miles de años la zona del altiplano sur de Bolivia era geológicamente una cuenca lacustre (lago). Hoy en día, ese suelo contiene mayor salinidad que otros suelos mejorando las condiciones agrológicas (equilibrio ácido-base) que influyen en las características del grano (tamaño grande, color ?dorado?).",https://jumbo.vtexassets.com/arquivos/ids/336803-750-750?width=750&height=750&aspect=true
"Quinoa Cusina & Amore 225 g, Alcachofa/Pimienta",Kitchen & Love,https://www.jumbo.cl/quinoa-cusina-amore-225-g-alcachofapimienta-2/p,(Normal),,$2.299,,Código: 1615536,"Las comidas rápidas de quinua Kitchen & Love están completamente cocidas y listas para comer. Todo lo que necesitas hacer es revolver y disfrutar. Son opciones saludables y convenientes para cualquier persona que tenga poco tiempo en casa o en el trabajo. Sin gluten, OMG ni conservantes artificiales, estas comidas rápidas de quinua están llenas de nutrientes para mantenerte con energía durante tu día",https://jumbo.vtexassets.com/arquivos/ids/382201-750-750?width=750&height=750&aspect=true
Cous Cous 400 g,Bio zentrale,https://www.jumbo.cl/cous-cous-biozentrale-400-g-2/p,(Normal),,$2.799,,Código: 1623710,"Nuestro cuscús de trigo duro biozentrale es una excelente alternativa al arroz y proporciona la base perfecta para platos orientales. Ya sea con carne, pescado o como una variación vegetariana, ¡el cuscús siempre es una buena opción! Su sabor ligeramente a nuez y alto contenido de proteínas lo hacen tan especial.",https://jumbo.vtexassets.com/arquivos/ids/358393-750-750?width=750&height=750&aspect=true
"Cous cous Trattoria 250 g, original",Trattoria,https://www.jumbo.cl/cous-cous-trattoria-250-g-original/p,(Normal),,$1.599,,Código: 1657401,El Cous Cous Trattoria está elaborado con sémola de trigo y puede prepararse de forma rápina y secilla. Solo debes agregar agua hirviendo y dejar por 5 minutos y listo.,https://jumbo.vtexassets.com/arquivos/ids/452904-750-750?width=750&height=750&aspect=true
Lentejas negras 400 g,Suk,https://www.jumbo.cl/lentejas-negras-400-g/p,(Normal),,$2.299,,Código: 1849195,Especial para que puedas realizar esas ricas preparaciones que tanto te gustan. Ideal para disfrutar y compartir con amigos o familiares.,https://jumbo.vtexassets.com/arquivos/ids/357287-750-750?width=750&height=750&aspect=true
Semilla de zapallo 150 g,La Poruña,https://www.jumbo.cl/semilla-de-zapallo-la-poruna-150-gr-1893918/p,(Normal),,$1.899,,Código: 1893918,"Las semillas de zapallo son un alimento rico en Omega 3, antioxidantes y proteínas. Para obtener todos sus benfecios nutricionales, te recomendamos consumirlas crudas.",https://jumbo.vtexassets.com/arquivos/ids/463087-750-750?width=750&height=750&aspect=true
Porotos hallados 1 kg,Bonanza,https://www.jumbo.cl/porotos-hallados-bonanza-1-kg/p,(Normal),,$1.999,,Código: 1219726,"Deliciosos Porotos hallados 1 kg, especiales para tus preparaciones favoritas. De increíble sabor, ideal para compartir una rica comida.",https://jumbo.vtexassets.com/arquivos/ids/180295-750-750?width=750&height=750&aspect=true
Porotos granados 340 g,Centauro,https://www.jumbo.cl/porotos-granados-340-g/p,(Normal),,$2.079,,Código: 1836767,"Porotos Granados - Los nuevos porotos granados Centauro, han sido preparados segun clasicas recetas chilenas. Sus ingredientes frescos y naturales se cambian deliciosamente y le haran disfrutar de la mas rica y sabrosa comida como la que se prepara en casa.",https://jumbo.vtexassets.com/arquivos/ids/362389-750-750?width=750&height=750&aspect=true
Chuchoca Martini 500 g,Martini,https://www.jumbo.cl/chuchoca-martini-500-g/p,(Normal),,$1.429,,Código: 265469,"Chuchoca de maiz 100% natural con 5.5 % de fósforo y 3.6% de hierro. Siendo una buena fuente de nutrientes, proteínas y energía.",https://jumbo.vtexassets.com/arquivos/ids/291814-750-750?width=750&height=750&aspect=true
Lentejas con arroz 340 g,Centauro,https://www.jumbo.cl/lentejas-con-arroz-340-g/p,(Normal),,$2.079,,Código: 1836768,Deliciosas lentejas con arroz enlatadas. Perfectas para personas con tiempo limitado y amantes de las legumbres. Cómelas dónde y cuándo quieras.,https://jumbo.vtexassets.com/arquivos/ids/447356-750-750?width=750&height=750&aspect=true
Potage Garbanzos Martini 500 g,Martini,https://www.jumbo.cl/potage-garbanzos-martini-500-g/p,(Normal),,$2.269,,Código: 267034,"Garbanzos pelados seleccionados a mano. Con  Vitaminas B9, hierro y proteínas, siendo una rica fuente de nutrientes y minerales para el cuerpo.",https://jumbo.vtexassets.com/arquivos/ids/291825-750-750?width=750&height=750&aspect=true
Porotos alubia 1 kg,Alto Campo,https://www.jumbo.cl/porotos-alubia-1-kg/p,(Normal),,$2.399,,Código: 1842778,Los Porotos alubia tienen un alto contenido en hierro (superior al de las lentejas). Aportan además gran cantidad de vitaminas del grupo B. Aportan hidratos de carbono de asimilación lenta (54 gramos por 100 gramos). Las alubias poseen tanto fibra soluble como insoluble.,https://jumbo.vtexassets.com/arquivos/ids/356785-750-750?width=750&height=750&aspect=true
Porotos hallados 1 kg,Iansa Agro,https://www.jumbo.cl/poroto-hallado-iansagro-1kg/p,(Ref.),$2.422,,,Código: 1883624,Porotos Hallados son seleccionados manualmente para darte la mejor calidad y viene en su amigable envase 100% reciclable. Formato 1 kg.,https://jumbo.vtexassets.com/arquivos/ids/470687-750-750?width=750&height=750&aspect=true
Porotos negros 1 kg,Bonanza,https://www.jumbo.cl/porotos-negros-bonanza-1-kg/p,(Normal),,$1.799,,Código: 1586336,"Por una alimentación basada en legumbres, prefiere los porotos negros que Bonanza trae a nuestra tienda. Un alimento rico en fibra y alta proteína.",https://jumbo.vtexassets.com/arquivos/ids/180299-750-750?width=750&height=750&aspect=true
"Arroz especial Riso Inverni 1 kg, Carnaroli",Inverni,https://www.jumbo.cl/arroz-especial-riso-inverni-1-kg-carnaroli/p,(Normal),,$4.699,,Código: 620509,Producto: Arroz RissotoContenido: 1 KgSabor: Carnaroli,https://jumbo.vtexassets.com/arquivos/ids/180412-750-750?width=750&height=750&aspect=true
Garbanzos extra Lozano 500 g,Lozano,https://www.jumbo.cl/garbanzos-extra-lozano-500-g/p,(Normal),,$2.249,,Código: 532164,"Nuestro garbanzo cocido se caracteriza por su gran tamaño, aspecto dorado y exacto punto de cocción.

El garbanzo es un excelente producto en cuanto a nutrientes se refiere, rico en proteínas, almidón y ácidos grasos esenciales especialmente omega 6. Así mismo contiene lecitina un tipo de grasa muy importante para controlar el colesterol y los triglicéridos. Ideales para preparar deliciosos guisos y pucheros o frescas ensaladas y hummus.",https://jumbo.vtexassets.com/arquivos/ids/236979-750-750?width=750&height=750&aspect=true
Lentejas de 6 mm 500 g,Alto Campo,https://www.jumbo.cl/lentejas-de-6-mm-500-g/p,(Normal),,$1.399,,Código: 1842781,"Lentejas Alto Campo de 500 g, ideales para dietas veganas y libre de organismos geneticamente modificados",https://jumbo.vtexassets.com/arquivos/ids/361234-750-750?width=750&height=750&aspect=true
Porotos negros 1 kg,Alto Campo,https://www.jumbo.cl/porotos-negros-1-kg/p,(Normal),,$2.099,,Código: 1842779,"Porotos Negros provenientes de Naltagua que poseen alto contenido de proteinas, fibras y antioxidantes",https://jumbo.vtexassets.com/arquivos/ids/356786-750-750?width=750&height=750&aspect=true
Arvejas partidas 500 g,Alto Campo,https://www.jumbo.cl/arvejas-partidas-500-g/p,(Normal),,$1.099,,Código: 1842783,"Las arvejas se consumen desde la antigüedad son una fuente importantes de nutrientes tanto frescas como secas, aportan significativamente para la salud de quienes la consume. Emporio del Alto Campo vuelve al granel, envases 100% de papel.",https://jumbo.vtexassets.com/arquivos/ids/356789-750-750?width=750&height=750&aspect=true
Porotos alubia 500 g,Alto Campo,https://www.jumbo.cl/porotos-alubia-500-g/p,(Normal),,$1.499,,Código: 1842784,Los Porotos alubia tienen un alto contenido en hierro (superior al de las lentejas). Aportan además gran cantidad de vitaminas del grupo B. Aportan hidratos de carbono de asimilación lenta (54 gramos por 100 gramos). Las alubias poseen tanto fibra soluble como insoluble.,https://jumbo.vtexassets.com/arquivos/ids/356790-750-750?width=750&height=750&aspect=true
"Lentejas Bonanza Bolsa 1 kg, 6 mm",Bonanza,https://www.jumbo.cl/lentejas-bonanza-bolsa-1-kg-6-mm-2/p,(Normal),,$2.149,,Código: 1219722,"Por una alimentación sana y basada en legumbres, elige lentejas Bonanza. Alta en proteínas y en fibras dietéticas.",https://jumbo.vtexassets.com/arquivos/ids/173194-750-750?width=750&height=750&aspect=true
Arroz grano largo 500 g,Bio zentrale,https://www.jumbo.cl/arroz-bio-zentrale-500-g-grano-largo/p,(Normal),,$3.699,,Código: 1623709,"Arroz Bio-Zentrale grano largo con múltiples beneficios. Complemento alimenticio que regula efectivamente la digestión. Facilita el control del peso, así como también previene el colesterol alto, o una subida drástica de los triglicéridos.",https://jumbo.vtexassets.com/arquivos/ids/358421-750-750?width=750&height=750&aspect=true
Arroz pregraneado 1 kg,Cuisine & Co,https://www.jumbo.cl/arroz-pregraneado-cuisine-and-co-1kg-1883873/p,(Normal),,$1.199,,Código: 1883873,"Especial para que puedas realizar esas ricas preparaciones que tanto te gustan, ideal para una rica comida con tus seres queridos. Navega y descubre los productos de Cuisine & Co y encuentra toda la variedad de productos que tenemos para ti.",https://jumbo.vtexassets.com/arquivos/ids/469996-750-750?width=750&height=750&aspect=true
"Quinoa Cusina & Amore 225 g, mango jalapeño",Kitchen & Love,https://www.jumbo.cl/quinoa-cusina-amore-225-g-mango-jalapeno/p,(Normal),,$2.299,,Código: 1615539,"Las comidas rápidas de quinua Kitchen & Love están completamente cocidas y listas para comer. Todo lo que necesitas hacer es revolver y disfrutar. Son opciones saludables y convenientes para cualquier persona que tenga poco tiempo en casa o en el trabajo. Sin gluten, OMG ni conservantes artificiales, estas comidas rápidas de quinua están llenas de nutrientes para mantenerte con energía durante tu día",https://jumbo.vtexassets.com/arquivos/ids/382266-750-750?width=750&height=750&aspect=true
Salvado de avena orgánico 200 g,La Fuente Natural,https://www.jumbo.cl/salvado-de-avena-organico-200grs-1885226/p,(Normal),,$2.869,,Código: 1885226,"¿Por qué consumir el Salvado de avena? Porque la Avena es un cereal que contiene mucha fibra de forma natural, además de poseer proteínas y fierro. Puedes comerlo con una rica ensalada de frutas, jugos o leche.",https://jumbo.vtexassets.com/arquivos/ids/456511-750-750?width=750&height=750&aspect=true
Arroz carnaroli 1 kg,Scotti,https://www.jumbo.cl/arroz-carnaroli-scotti-1-kg-1869714/p,(Normal),,$4.599,,Código: 1869714,"Arroz de grano medio, redondo y blanquecino, posee un mayor porcentaje de almidón (aprox. 24 %) que el arborio, lo que ha convertido en el favorito de los expertos a la hora de hacer risotto por su calidad.",https://jumbo.vtexassets.com/arquivos/ids/461712-750-750?width=750&height=750&aspect=true
Porotos negros 500 g,Alto Campo,https://www.jumbo.cl/porotos-negros-500-g/p,(Normal),,$1.299,,Código: 1842782,"Porotos Negros provenientes de Naltagua que poseen alto contenido de proteinas, fibras y antioxidantes",https://jumbo.vtexassets.com/arquivos/ids/356788-750-750?width=750&height=750&aspect=true
"Garbanzos Bonanza Bolsa 1 kg, Sin piel",Bonanza,https://www.jumbo.cl/garbanzos-bonanza-bolsa-1-kg-sin-piel-2/p,(Normal),,$2.849,,Código: 1219724,"Por una alimentación sana y basada en legumbres, elige garbanzos Bonanza. Producto Alto en proteínas.",https://jumbo.vtexassets.com/arquivos/ids/173157-750-750?width=750&height=750&aspect=true
Lentejas negras 500 g,Martini,https://www.jumbo.cl/lentejas-negras-beluga-martini-500-g/p,(Normal),,$4.099,,Código: 1757957,"Lentejas negras tipo beluga, con hierro, fósforo y vitaminas, siendo una rica fuente de nutrientes y minerales para el cuerpo. Gran alternativa para llevar una alimentación saludable.",https://jumbo.vtexassets.com/arquivos/ids/271015-750-750?width=750&height=750&aspect=true
"Quinoa Cusina & Amore 225 g, pimienta jalapeño",Kitchen & Love,https://www.jumbo.cl/quinoa-cusina-amore-225-g-pimienta-jalapeno/p,(Normal),,$2.299,,Código: 1615538,"Las comidas rápidas de quinua Kitchen & Love están completamente cocidas y listas para comer. Todo lo que necesitas hacer es revolver y disfrutar. Son opciones saludables y convenientes para cualquier persona que tenga poco tiempo en casa o en el trabajo. Sin gluten, OMG ni conservantes artificiales, estas comidas rápidas de quinua están llenas de nutrientes para mantenerte con energía durante tu día",https://jumbo.vtexassets.com/arquivos/ids/382243-750-750?width=750&height=750&aspect=true
"Arroz especial Carnaroli 500 g, inverni",Inverni,https://www.jumbo.cl/arroz-especial-carnaroli-500-g-inverni/p,(Normal),,$2.599,,Código: 1533042,"Riso Inverni es una marca con calidad y tradición que solo una empresa con 155 años de experiencia puede aportar. Los productos ofrecen un risotto cremoso, versátil y al dente, para que cualquiera pueda descubrir al chef que lleva dentro.",https://jumbo.vtexassets.com/arquivos/ids/180413-750-750?width=750&height=750&aspect=true
Quinoa Oso 250 g,Oso,https://www.jumbo.cl/quinoa-oso-250-g/p,(Normal),,$3.390,,Código: 1650297,"Quinoa Oso 250 g
La quínoa no contiene gluten por lo tanto es apto para todas las personas que padecen enfermedad celiaca, sensibilidad al gluten o alergia al trigo.
Técnicamente no es un cereal, sino un “seudo-cereal”, ya que lo que se consume son sus semillas, las que se preparan de forma muy similar a otros cereales.
Las proteínas que contiene la quinua contienen todos los aminoácidos esenciales, los cuales sólo pueden ser incorporados a través de la dieta.
La quinua tiene gran cantidad de hierro, este mineral es esencial para la producción de glóbulos rojos, encargados del transporte de oxígeno a todas las partes del cuerpo. Es un alimento perfecto para aquellas personas que padecen de anemia.",https://jumbo.vtexassets.com/arquivos/ids/274227-750-750?width=750&height=750&aspect=true
Arvejas verdes 1 kg,Bonanza,https://www.jumbo.cl/arvejas-verdes-bonanza-1-kg/p,(Normal),,$2.059,,Código: 1219723,"Por una alimentación basada en vegetales, prefiere las arvejas verdes que Bonanza trae a nuestra tienda. Un alimento rico en carbohidratos y proteínas.",https://jumbo.vtexassets.com/arquivos/ids/180296-750-750?width=750&height=750&aspect=true
Gojiberry 125 g,La Poruña,https://www.jumbo.cl/gojiberry-la-poruna-125-gr-1893917/p,(Normal),,$2.399,,Código: 1893917,Este fruto rojo es intenso y con alto contenido en antioxidantes y vitamina C. Su consumo fortalece la longevidad. Puedes consumirlo como snack o agregarlo en ensaladas.,https://jumbo.vtexassets.com/arquivos/ids/463085-750-750?width=750&height=750&aspect=true
Arroz Basmati grano largo y delgado 400 g,Miraflores,https://www.jumbo.cl/arroz-basmati-miraflores-400g-1871480/p,,,,,Código: 1871480,"Delicioso Arroz basmati 400 g, especial para tus preparaciones favoritas. De increíble sabor, ideal para compartir una rica comida.",https://jumbo.vtexassets.com/arquivos/ids/453055-750-750?width=750&height=750&aspect=true
Cous Cous de Sémola 500 g,La Molisana,https://www.jumbo.cl/cous-cous-de-semola-producto-exclusivo-jumbo-500-g-la-molisana/p,,,,,Código: 1604159,"Esto no es simplemente una pasta, sino la historia de una familia que desde hace 4 generaciones y más de un siglo, selecciona y muele solo los granos más finos y de una tierra que por sus características objetivas e irrepetibles es el lugar ideal para regalar. Enciende una pasta exquisita y única. Lo que caracteriza y hace único a nuestro producto es el descascarado del trigo duro, según el método tradicional de la piedra, que depura el grano con mimo y respeto, con el objetivo de obtener una pasta con un sabor absolutamente natural y altos estándares de seguridad. La decorticación de la piedra, de hecho, se produce al comienzo del proceso de molienda tradicional y puede considerarse como un tratamiento preventivo del grano antes de la molienda real. Mediante la decorticación con piedras se elimina gran parte del salvado y con él la carga bacteriana contenida en las capas de salvado mediante una acción abrasiva superficial realizada entre dos muelas. Los beneficios de esta técnica de procesamiento, adoptada por La Molisana en su propio molino, son múltiples y en varios niveles y  determinan los aspectos nutricionales-sanitarios y el nivel de seguridad alimentaria de la sémola y por tanto de la pasta . Nuestro trigo, limpio de bacterias, micotoxinas y mohos mediante el procesamiento específico de descascarado de piedra, no solo garantiza una pasta que cumple con los estándares de seguridad alimentaria , sino también distintiva con respecto a la calidad del sabor.",https://jumbo.vtexassets.com/arquivos/ids/297866-750-750?width=750&height=750&aspect=true
"Arroz especial 180 g, risotto, champiñón",Miraflores,https://www.jumbo.cl/arroz-especial-trattoria-180-g-risotto-champinon/p,,,,,Código: 1498575,"Arroz especial 180 g, risotto, champiñón
En Miraflores tenemos variadas opciones de arroz para que puedas preparar lo que quieras cuando quieras, conoce toda la variedad disponible para disfrutar del mejor arroz.
Arroz de grano largo y ancho
Disfruta del arroz más rico y consumido en Chile. Se caracteriza por su longitud, consistencia y sabor, siendo un acompañamiento ideal para todo tipo de preparaciones.
Arroz integral
Miraflores tiene para ti una nutritiva línea de arroz. Se trata del arroz Integral Miraflores, una rica manera de alimentarse saludablemente. Este arroz tiene un exquisito sabor y requiere menos tiempos de preparación, perfecto para aquellos que buscan una alimentación sana.
Arroz pregraneados
Miraflores pregraneado es de granos firmes, lo cual lo hace perfecto para cocinar de forma simple y fácil. No requiere sofreír, por lo que es de rápida cocción, pero su principal ventaja es que queda siempre graneado y exquisito
Arroz preparados
Disfruta de todo el sabor de nuestros productos preparados y experimenta la versatilidad que puedes aportar a tus preparaciones con las diferentes variedades disponibles.",https://jumbo.vtexassets.com/arquivos/ids/373324-750-750?width=750&height=750&aspect=true
Arroz Risotto Carnaroli 400 g,Miraflores,https://www.jumbo.cl/arroz-risotto-carnaroli-miraflores-400g-1871482/p,,,,,Código: 1871482,"Delicioso Arroz risotto carnaroli 400 g, especial para tus preparaciones favoritas. De increíble sabor, ideal para compartir una rica comida.",https://jumbo.vtexassets.com/arquivos/ids/453057-750-750?width=750&height=750&aspect=true
"Quinoa Ecovida Bolsa 400 g, Orgánica",Ecovida,https://www.jumbo.cl/quinoa-ecovida-bolsa-400-g-organica/p,,,,,Código: 271999,"Cereal de quinoa envasada en bolsa , producto 100% natural con fuente natural de proteínas. Formato: 400 g",https://jumbo.vtexassets.com/arquivos/ids/435152-750-750?width=750&height=750&aspect=true
Gránulos de soya 250 g,Bio zentrale,https://www.jumbo.cl/granulos-de-soya-biozentrale-250g/p,,,,,Código: 1708073,"Granulado de soja biozentrale es mucho más que una alternativa vegana a la carne picada. Es rico en proteínas y versátil. Ya sea como ingrediente para chilli sin carne, base para albóndigas veganas o una deliciosa salsa boloñesa vegana, nuestro granulado de soja es un verdadero todoterreno en la cocina vegetariana y vegana.",https://jumbo.vtexassets.com/arquivos/ids/358429-750-750?width=750&height=750&aspect=true
"Arroz especial Oryza 500 g, Silvestre y Natural",Oryza,https://www.jumbo.cl/arroz-especial-oryza-500-g-silvestre-y-natural/p,,,,,Código: 585199,"¿Disfrutar conscientemente sin renunciar al sabor? ¡Por supuesto que es posible! La mezcla ORYZA NATURAL & WILD RICE trae los aromas a nueces del arroz salvaje con el delicioso sabor del arroz natural a un plato. Ideal para todo aquel que quiera disfrutar de forma consciente.?Disponible en 500 g.
Como grano sin pelar, el arroz integral es uno de los tipos de arroz más ricos y saludables. Además, hay arroz que en realidad no lo es en absoluto: estrictamente hablando, el arroz silvestre es un tipo de hierba dulce de América del Norte que crece cerca de las orillas de lagos y ríos. Esto le ha valido al arroz salvaje el apodo de arroz de agua. 
Consejos de Preparación

Para 4 valiosas porciones de arroz, hierva 500 ml de agua con casi media cucharadita de sal.
Agregue 250g de ORYZA NATUR- & WILDREIS y revuelva una vez.
Cocine a fuego lento con la olla cerrada durante 25-30 minutos hasta que el agua se absorba por completo.
Afloje brevemente el arroz en la olla y déjelo hervir a fuego lento durante unos minutos más en la olla cerrada sobre la estufa apagada.",https://jumbo.vtexassets.com/arquivos/ids/178856-750-750?width=750&height=750&aspect=true
